time,microjax,vbmicrolensing,relative_difference
-5.000000000000000000e+00,2.494149350986348601e+00,2.494152055259920786e+00,1.084245672384688491e-06
-4.984984984984984990e+00,2.501660714256833451e+00,2.501663424765893762e+00,1.083482707336792937e-06
-4.969969969969969981e+00,2.509168101747136337e+00,2.509170818577878936e+00,1.082760377445867536e-06
-4.954954954954954971e+00,2.516668416336883762e+00,2.516671139605440644e+00,1.082091543080260510e-06
-4.939939939939939961e+00,2.524158412705479915e+00,2.524161142539244285e+00,1.081481573566981099e-06
-4.924924924924924952e+00,2.531634694386182272e+00,2.531637504138044115e+00,1.109855521278396719e-06
-4.909909909909909942e+00,2.539093711063267200e+00,2.539096531383652877e+00,1.110757448886757981e-06
-4.894894894894894932e+00,2.546531756351859688e+00,2.546534587527730320e+00,1.111775934439954883e-06
-4.879879879879879923e+00,2.553944965970290859e+00,2.553947588053754991e+00,1.026678650884273921e-06
-4.864864864864864913e+00,2.561329316353401886e+00,2.561331946379016955e+00,1.026819510367323992e-06
-4.849849849849849903e+00,2.568680623792111817e+00,2.568683261968055742e+00,1.027053815075685091e-06
-4.834834834834834894e+00,2.575994544282296239e+00,2.575997190814761417e+00,1.027381735746779424e-06
-4.819819819819819884e+00,2.583266573915257158e+00,2.583269229034239167e+00,1.027813497783042860e-06
-4.804804804804804874e+00,2.590492050118440304e+00,2.590494714055180392e+00,1.028350579383386967e-06
-4.789789789789789864e+00,2.597666153606915440e+00,2.597668826627166361e+00,1.029007325152880988e-06
-4.774774774774774855e+00,2.604783911376437722e+00,2.604786593716225784e+00,1.029773339026510680e-06
-4.759759759759759845e+00,2.611840200392918643e+00,2.611842892364656166e+00,1.030679044820222596e-06
-4.744744744744744835e+00,2.618829752716142600e+00,2.618832454590874992e+00,1.031709656589532484e-06
-4.729729729729729826e+00,2.625747161310661770e+00,2.625749873407767332e+00,1.032884789609380572e-06
-4.714714714714714816e+00,2.632586887404467113e+00,2.632589610032086469e+00,1.034201308468564931e-06
-4.699699699699699806e+00,2.639343268872451187e+00,2.639346002359356014e+00,1.035668268723867977e-06
-4.684684684684684797e+00,2.646010530065344479e+00,2.646013274774945412e+00,1.037300011718946046e-06
-4.669669669669669787e+00,2.652582793084233614e+00,2.652585549364103290e+00,1.039091791153123130e-06
-4.654654654654654777e+00,2.659054090368330403e+00,2.659056858583003446e+00,1.041051327694666772e-06
-4.639639639639639768e+00,2.665418378904320207e+00,2.665421159441541121e+00,1.043188694989201379e-06
-4.624624624624624758e+00,2.671669555985010547e+00,2.671672349238559452e+00,1.045507526288214152e-06
-4.609609609609609748e+00,2.677801476517405188e+00,2.677803929770702140e+00,9.161437361705605094e-07
-4.594594594594594739e+00,2.683807971934478065e+00,2.683810436104960395e+00,9.181611522110886117e-07
-4.579579579579579729e+00,2.689682783261906796e+00,2.689685346375875419e+00,9.529419387575869009e-07
-4.564564564564564719e+00,2.695419913713554827e+00,2.695422508313597643e+00,9.625949307809871766e-07
-4.549549549549549710e+00,2.701013184684409651e+00,2.701015812547024719e+00,9.729164127290737234e-07
-4.534534534534534700e+00,2.706456555087417115e+00,2.706459217815881946e+00,9.838420794603544377e-07
-4.519519519519519690e+00,2.711744078619677811e+00,2.711746777627711324e+00,9.953023843451707875e-07
-4.504504504504504681e+00,2.716869931838539198e+00,2.716872668261267165e+00,1.007195795347365206e-06
-4.489489489489489671e+00,2.721828443308925483e+00,2.721831218001115715e+00,1.019421105865060287e-06
-4.474474474474474661e+00,2.726614124024993924e+00,2.726616937456293410e+00,1.031839588773046149e-06
-4.459459459459459651e+00,2.731221698550352350e+00,2.731224550794914663e+00,1.044309799237247335e-06
-4.444444444444444642e+00,2.735646137032247349e+00,2.735649027699664781e+00,1.056666037259521917e-06
-4.429429429429429632e+00,2.739882687616794765e+00,2.739885615819229958e+00,1.068731635469145626e-06
-4.414414414414414622e+00,2.743926909131439995e+00,2.743929873472621406e+00,1.080326873535976852e-06
-4.399399399399399613e+00,2.747774703836394217e+00,2.747777702340559625e+00,1.091246996747150865e-06
-4.384384384384384603e+00,2.751422349685960445e+00,2.751425379846036634e+00,1.101305562704035152e-06
-4.369369369369369593e+00,2.754866532176718064e+00,2.754869590922637723e+00,1.110305159176406215e-06
-4.354354354354354584e+00,2.758104375132151453e+00,2.758107458843574999e+00,1.118053400587577314e-06
-4.339339339339339574e+00,2.761133470201628359e+00,2.761136574775147068e+00,1.124382454338152568e-06
-4.324324324324324564e+00,2.763951904853630737e+00,2.763955025715675973e+00,1.129129098049634235e-06
-4.309309309309309555e+00,2.766558288284931777e+00,2.766561420473695687e+00,1.132159488934785286e-06
-4.294294294294294545e+00,2.768951775090382483e+00,2.768954913345676783e+00,1.133371756677484328e-06
-4.279279279279279535e+00,2.771132086313414788e+00,2.771135225161461157e+00,1.132693929140937467e-06
-4.264264264264264526e+00,2.773099527504334638e+00,2.773102661386104284e+00,1.130099441785310899e-06
-4.249249249249249516e+00,2.774855003614262738e+00,2.774858126979196093e+00,1.125594459402245979e-06
-4.234234234234234506e+00,2.776400030313252554e+00,2.776403137749698935e+00,1.119230994998743328e-06
-4.219219219219219497e+00,2.777736741597457648e+00,2.777739827974151865e+00,1.111110789835128010e-06
-4.204204204204204487e+00,2.778867893499494368e+00,2.778870954085571832e+00,1.101377547943978755e-06
-4.189189189189189477e+00,2.779796863719709688e+00,2.779799894286830941e+00,1.090210531874032056e-06
-4.174174174174174468e+00,2.780527647038705918e+00,2.780530643988674111e+00,1.077833820918954036e-06
-4.159159159159159458e+00,2.781064846557909753e+00,2.781067807027193695e+00,1.064508127583524256e-06
-4.144144144144144448e+00,2.781413660778975672e+00,2.781416582669773874e+00,1.050504558147644573e-06
-4.129129129129129439e+00,2.781579866375745169e+00,2.781582748474809463e+00,1.036136374470418952e-06
-4.114114114114114429e+00,2.781569797161658197e+00,2.781572639125595270e+00,1.021711206494275583e-06
-4.099099099099099419e+00,2.781390319031309843e+00,2.781393121419357684e+00,1.007548349156045530e-06
-4.084084084084084409e+00,2.781048801388736891e+00,2.781051565636028400e+00,9.939575826875584591e-07
-4.069069069069069400e+00,2.780553085194454876e+00,2.780555813573547308e+00,9.812351469848827270e-07
-4.054054054054054390e+00,2.779911447982188477e+00,2.779914143568183782e+00,9.696651968700353618e-07
-4.039039039039039380e+00,2.779132566328546883e+00,2.779135232870768135e+00,9.594863142006718400e-07
-4.024024024024024371e+00,2.778225475909147146e+00,2.778228117770160210e+00,9.509157999539874817e-07
-4.009009009009009361e+00,2.777199529863469518e+00,2.777202151892849358e+00,9.441262235997065610e-07
-3.993993993993993907e+00,2.776064355707794196e+00,2.776066963115065622e+00,9.392450924529570428e-07
-3.978978978978978898e+00,2.774829811293758830e+00,2.774832409539867761e+00,9.363614537579171187e-07
-3.963963963963963888e+00,2.773505940341212561e+00,2.773508534992880303e+00,9.355124150533247635e-07
-3.948948948948948878e+00,2.772102927875317757e+00,2.772105524484127947e+00,9.366919070202124703e-07
-3.933933933933933869e+00,2.770631056067645037e+00,2.770633660064228287e+00,9.398559689735067569e-07
-3.918918918918918859e+00,2.769100660916211432e+00,2.769103641702588714e+00,1.076444497198249679e-06
-3.903903903903903849e+00,2.767522090098350596e+00,2.767524664599231077e+00,9.302539967982487184e-07
-3.888888888888888840e+00,2.765905662359867012e+00,2.765908258634012906e+00,9.386696531924161723e-07
-3.873873873873873830e+00,2.764261628819034922e+00,2.764264250800898548e+00,9.485279357307151115e-07
-3.858858858858858820e+00,2.762600136335427337e+00,2.762602787450584074e+00,9.596439881913648562e-07
-3.843843843843843811e+00,2.760930744729761965e+00,2.760933876476036275e+00,1.134306873841880376e-06
-3.828828828828828801e+00,2.759264221978548370e+00,2.759267355709999592e+00,1.135711421633902322e-06
-3.813813813813813791e+00,2.757609728919704573e+00,2.757612864044605150e+00,1.136898127164601323e-06
-3.798798798798798781e+00,2.755976679402927232e+00,2.755979815379509645e+00,1.137880823695965405e-06
-3.783783783783783772e+00,2.754374239150676029e+00,2.754377375467437439e+00,1.138666324136981769e-06
-3.768768768768768762e+00,2.752811305458554347e+00,2.752814441675532020e+00,1.139276563720673890e-06
-3.753753753753753752e+00,2.751296489940043166e+00,2.751299625653252701e+00,1.139720726996393315e-06
-3.738738738738738743e+00,2.749838104004871830e+00,2.749841238855200043e+00,1.140011388263841983e-06
-3.723723723723723733e+00,2.748444147174001095e+00,2.748447280855203623e+00,1.140164202659275663e-06
-3.708708708708708723e+00,2.747122298080415970e+00,2.747125430333367202e+00,1.140192914617740735e-06
-3.693693693693693714e+00,2.745879908010203874e+00,2.745883038627165540e+00,1.140113004678984206e-06
-3.678678678678678704e+00,2.744723996879280481e+00,2.744727125693037451e+00,1.139936180788677713e-06
-3.663663663663663694e+00,2.743661251446070093e+00,2.743664378330370024e+00,1.139674489572174110e-06
-3.648648648648648685e+00,2.742698025615830648e+00,2.742701150494670781e+00,1.139343540789777345e-06
-3.633633633633633675e+00,2.741840342704356281e+00,2.741843465531764501e+00,1.138951748149455264e-06
-3.618618618618618665e+00,2.741093899367293751e+00,2.741097020150065511e+00,1.138515984227574192e-06
-3.603603603603603656e+00,2.740464071183102313e+00,2.740467189957686234e+00,1.138044854304325833e-06
-3.588588588588588646e+00,2.739955919545473684e+00,2.739959036381298674e+00,1.137548329593442710e-06
-3.573573573573573636e+00,2.739574199788195497e+00,2.739577314802409180e+00,1.137041906739702069e-06
-3.558558558558558627e+00,2.739323370408714098e+00,2.739326483731947537e+00,1.136528724096290127e-06
-3.543543543543543617e+00,2.739207603063794405e+00,2.739210714875590202e+00,1.136024979348355521e-06
-3.528528528528528607e+00,2.739230793447543721e+00,2.739233903931242331e+00,1.135530519736014702e-06
-3.513513513513513598e+00,2.739396572588463030e+00,2.739399681974976186e+00,1.135061281351334221e-06
-3.498498498498498588e+00,2.739708318773455442e+00,2.739711427310534742e+00,1.134622080381251600e-06
-3.483483483483483578e+00,2.740169169705309660e+00,2.740172277654806976e+00,1.134216823759802124e-06
-3.468468468468468568e+00,2.740782034876465545e+00,2.740785142549910347e+00,1.133862482161177155e-06
-3.453453453453453559e+00,2.741549608202817012e+00,2.741552715902554560e+00,1.133554616521309761e-06
-3.438438438438438549e+00,2.742474380510019571e+00,2.742477488561402055e+00,1.133300599711989604e-06
-3.423423423423423539e+00,2.743558652092815908e+00,2.743561760848486131e+00,1.133109418051183097e-06
-3.408408408408408530e+00,2.744804545158281428e+00,2.744807654980950584e+00,1.132983822568704451e-06
-3.393393393393393076e+00,2.746214016054013829e+00,2.746217127318980822e+00,1.132927522752098426e-06
-3.378378378378378066e+00,2.747788867281641068e+00,2.747791980386737443e+00,1.132947879095609823e-06
-3.363363363363363057e+00,2.749530759279851022e+00,2.749533874625292196e+00,1.133044938971048476e-06
-3.348348348348348047e+00,2.751441221846141261e+00,2.751444339841874864e+00,1.133221446079769629e-06
-3.333333333333333037e+00,2.753521665244804684e+00,2.753524786322791851e+00,1.133484616761034035e-06
-3.318318318318318028e+00,2.755773390992197758e+00,2.755776515591477072e+00,1.133836238764527497e-06
-3.303303303303303018e+00,2.758197602231381218e+00,2.758200730787993660e+00,1.134274448382120432e-06
-3.288288288288288008e+00,2.760795413686189193e+00,2.760798883202910226e+00,1.256707521196870192e-06
-3.273273273273272999e+00,2.763567861338195097e+00,2.763571340252900299e+00,1.258847439372891803e-06
-3.258258258258257989e+00,2.766515911568811603e+00,2.766519400511892712e+00,1.261130892652904560e-06
-3.243243243243242979e+00,2.769640469985137354e+00,2.769643969600797728e+00,1.263561561986015878e-06
-3.228228228228227970e+00,2.772942389842668831e+00,2.772945900782776363e+00,1.266140859993200261e-06
-3.213213213213212960e+00,2.776422480084705047e+00,2.776426002988549246e+00,1.268862861969911272e-06
-3.198198198198197950e+00,2.780081512914251984e+00,2.780085048459443264e+00,1.271739939481043108e-06
-3.183183183183182940e+00,2.783920231179330074e+00,2.783923780023970895e+00,1.274763578761145577e-06
-3.168168168168167931e+00,2.787939355167301958e+00,2.787942918009505000e+00,1.277946610752627701e-06
-3.153153153153152921e+00,2.792139589308396008e+00,2.792143166812905974e+00,1.281275456247372402e-06
-3.138138138138137911e+00,2.796521628262639947e+00,2.796525221134488870e+00,1.284762898532181538e-06
-3.123123123123122902e+00,2.801086162959514514e+00,2.801089771896752012e+00,1.288404703664433644e-06
-3.108108108108107892e+00,2.805833886147891754e+00,2.805837511856297262e+00,1.292201843544856808e-06
-3.093093093093092882e+00,2.810765497721549711e+00,2.810769140927793064e+00,1.296159898123393835e-06
-3.078078078078077873e+00,2.815881709805712507e+00,2.815885371239527313e+00,1.300278005703697406e-06
-3.063063063063062863e+00,2.821183251522166646e+00,2.821186931926492836e+00,1.304558831086149416e-06
-3.048048048048047853e+00,2.826670873563044584e+00,2.826674573683856551e+00,1.309001342572214887e-06
-3.033033033033032844e+00,2.832345352500047930e+00,2.832348571123307401e+00,1.136379643482434594e-06
-3.018018018018017834e+00,2.838207494906362260e+00,2.838210732069837317e+00,1.140564877187716583e-06
-3.003003003003002824e+00,2.844258141296999831e+00,2.844261397754674014e+00,1.144922079508616797e-06
-2.987987987987987815e+00,2.850498169829636108e+00,2.850501446364737568e+00,1.149459196254128909e-06
-2.972972972972972805e+00,2.856928499928927057e+00,2.856931797329798961e+00,1.154175565194214366e-06
-2.957957957957957795e+00,2.863550095681302032e+00,2.863553414742318282e+00,1.159070754246051898e-06
-2.942942942942942786e+00,2.870363969094907652e+00,2.870367310641006586e+00,1.164152785096921900e-06
-2.927927927927927776e+00,2.877371183294743950e+00,2.877374548166966139e+00,1.169424475632711092e-06
-2.912912912912912766e+00,2.884572855561999827e+00,2.884576244607344631e+00,1.174884994334792055e-06
-2.897897897897897757e+00,2.891970160235939780e+00,2.891973574338329911e+00,1.180544117147550824e-06
-2.882882882882882747e+00,2.899564331625337221e+00,2.899567771677898698e+00,1.186401847571139929e-06
-2.867867867867867737e+00,2.907356666741661488e+00,2.907360169914771308e+00,1.204932621032213889e-06
-2.852852852852852727e+00,2.915348528032769337e+00,2.915352058792844758e+00,1.211092178308932755e-06
-2.837837837837837718e+00,2.923541346031353960e+00,2.923544905293324003e+00,1.217447340589412084e-06
-2.822822822822822708e+00,2.931936621945067767e+00,2.931940210657876911e+00,1.224006136311562725e-06
-2.807807807807807698e+00,2.940535930278439736e+00,2.940539549396253616e+00,1.230766583167737029e-06
-2.792792792792792689e+00,2.949340921320441122e+00,2.949344571835775142e+00,1.237737824491351331e-06
-2.777777777777777679e+00,2.958353323729671747e+00,2.958357006654675381e+00,1.244922433414744062e-06
-2.762762762762762669e+00,2.967574947046166312e+00,2.967578663406917894e+00,1.252320889555008732e-06
-2.747747747747747660e+00,2.977007684194300730e+00,2.977011435051729382e+00,1.259940551282259150e-06
-2.732732732732732650e+00,2.986653514039217860e+00,2.986657300490866085e+00,1.267789125857234401e-06
-2.717717717717717640e+00,2.996514503960521658e+00,2.996517629826846996e+00,1.043166338893904462e-06
-2.702702702702702631e+00,3.006592812414486726e+00,3.006595971104438547e+00,1.050586770613111268e-06
-2.687687687687687621e+00,3.016890691552640114e+00,3.016894584649065791e+00,1.290431705995676310e-06
-2.672672672672672611e+00,3.027410489890561607e+00,3.027414282486110775e+00,1.252750761964933686e-06
-2.657657657657657602e+00,3.038154655017701877e+00,3.038158486819420911e+00,1.261225092653285234e-06
-2.642642642642642592e+00,3.049125736374819429e+00,3.049129608645966272e+00,1.269959511023424164e-06
-2.627627627627627582e+00,3.060326388086490379e+00,3.060330302126689439e+00,1.278960050926562652e-06
-2.612612612612612573e+00,3.071759371859577481e+00,3.071763329017856758e+00,1.288236708178518304e-06
-2.597597597597597563e+00,3.083427559994031952e+00,3.083431561662013820e+00,1.297796919387691461e-06
-2.582582582582582553e+00,3.095333938443494137e+00,3.095337396953037779e+00,1.117328775546633523e-06
-2.567567567567567544e+00,3.107481610029470875e+00,3.107485113224747408e+00,1.127340968303976143e-06
-2.552552552552552534e+00,3.119873797666149695e+00,3.119877937915559230e+00,1.327054933533892770e-06
-2.537537537537537524e+00,3.132513847788974459e+00,3.132518038754240841e+00,1.337890225860771339e-06
-2.522522522522522515e+00,3.145405233882910156e+00,3.145409477213822136e+00,1.349055168403090836e-06
-2.507507507507507505e+00,3.158551560064768449e+00,3.158555857489367291e+00,1.360566281787527952e-06
-2.492492492492492495e+00,3.171956564917111532e+00,3.171960918223028170e+00,1.372433655039049687e-06
-2.477477477477477485e+00,3.185624125383822669e+00,3.185628536421857504e+00,1.384668044124674325e-06
-2.462462462462462476e+00,3.199558260844824975e+00,3.199562731533654336e+00,1.397281192614133733e-06
-2.447447447447447466e+00,3.213763137337799058e+00,3.213767058107148245e+00,1.219991766141047881e-06
-2.432432432432432456e+00,3.228243072004345571e+00,3.228247054424306484e+00,1.233616849570098658e-06
-2.417417417417417447e+00,3.243002537618846493e+00,3.243006583966583367e+00,1.247714931224548210e-06
-2.402402402402402437e+00,3.258046167417415262e+00,3.258050280056575598e+00,1.262300703433254894e-06
-2.387387387387387427e+00,3.273378760035152713e+00,3.273382941438232940e+00,1.277395023751990651e-06
-2.372372372372372418e+00,3.289005284721209676e+00,3.289010158517068572e+00,1.481842750249396367e-06
-2.357357357357357408e+00,3.304930886717724725e+00,3.304935835745054895e+00,1.497465480764561786e-06
-2.342342342342342398e+00,3.321160892946063647e+00,3.321165919810076694e+00,1.513584125099756036e-06
-2.327327327327327389e+00,3.337700817822239152e+00,3.337705300729103097e+00,1.343110448656410828e-06
-2.312312312312312379e+00,3.354556369464911647e+00,3.354560935424812484e+00,1.361119976274687088e-06
-2.297297297297297369e+00,3.371733456058477518e+00,3.371738108280292412e+00,1.379769621925489508e-06
-2.282282282282282360e+00,3.389238192584784315e+00,3.389242934410506614e+00,1.399081096889087826e-06
-2.267267267267267350e+00,3.407076907765986373e+00,3.407081742706011163e+00,1.419085419696824190e-06
-2.252252252252252340e+00,3.425256151420461137e+00,3.425261083134164330e+00,1.439806655170607115e-06
-2.237237237237237331e+00,3.443782702042863075e+00,3.443787734367436570e+00,1.461276060447862392e-06
-2.222222222222222321e+00,3.462663574814003109e+00,3.462668711753370765e+00,1.483520312012393421e-06
-2.207207207207207311e+00,3.481906029883089726e+00,3.481911275646458304e+00,1.506575829564666036e-06
-2.192192192192192302e+00,3.501517581137525426e+00,3.501522940115547655e+00,1.530470630603030894e-06
-2.177177177177177292e+00,3.521506005239711357e+00,3.521511482043951702e+00,1.555242477064537327e-06
-2.162162162162162282e+00,3.541879351186218994e+00,3.541885392624333662e+00,1.705712479361587233e-06
-2.147147147147147273e+00,3.562645950250536764e+00,3.562652124858312952e+00,1.733149226977566048e-06
-2.132132132132132263e+00,3.583814426379565710e+00,3.583820739437840963e+00,1.761544098950605673e-06
-2.117117117117117253e+00,3.605393707096234746e+00,3.605400164133140350e+00,1.790934878696728615e-06
-2.102102102102102243e+00,3.627393034876748246e+00,3.627399965197477538e+00,1.910547718967977234e-06
-2.087087087087087234e+00,3.649821979052466414e+00,3.649829088593975701e+00,1.947910802592076481e-06
-2.072072072072072224e+00,3.672690448298592703e+00,3.672697744481203230e+00,1.986600346160100608e-06
-2.057057057057057214e+00,3.696008703659059869e+00,3.696016194266896981e+00,2.026670729617465869e-06
-2.042042042042042205e+00,3.719787372204529596e+00,3.719795065399154055e+00,2.068177006851580005e-06
-2.027027027027027195e+00,3.744037461292819557e+00,3.744042819009391732e+00,1.430997675820293254e-06
-2.012012012012012185e+00,3.768770373546877384e+00,3.768775861075173150e+00,1.456050584605793324e-06
-1.996996996996997176e+00,3.793997922483944851e+00,3.794003544951638052e+00,1.481935276703088814e-06
-1.981981981981982166e+00,3.819732348876918593e+00,3.819737869753207171e+00,1.445354753868238250e-06
-1.966966966966967156e+00,3.845986337907804309e+00,3.845992051646505594e+00,1.485634557887087557e-06
-1.951951951951952147e+00,3.872773037103398153e+00,3.872778953732714857e+00,1.527747745840725388e-06
-1.936936936936937137e+00,3.900106075091339886e+00,3.900111556119968181e+00,1.405351757104253810e-06
-1.921921921921922127e+00,3.927999581262674678e+00,3.928005247311864512e+00,1.442474954357997148e-06
-1.906906906906907118e+00,3.956468206322059977e+00,3.956474809512694257e+00,1.668958088246578950e-06
-1.891891891891892108e+00,3.985527143834252772e+00,3.985533995948316033e+00,1.719246171335212521e-06
-1.876876876876877098e+00,4.015192152699088801e+00,4.015199267175103337e+00,1.771886160843331744e-06
-1.861861861861862089e+00,4.045479580773385209e+00,4.045482268677254467e+00,6.644211223146194927e-07
-1.846846846846847079e+00,4.076406389526551877e+00,4.076409164531853868e+00,6.807474887791774532e-07
-1.831831831831832069e+00,4.107990179850786738e+00,4.107993047028386968e+00,6.979509379413017161e-07
-1.816816816816817060e+00,4.140249219005538883e+00,4.140252183415225495e+00,7.159973729346275907e-07
-1.801801801801802050e+00,4.173202468607483340e+00,4.173205535343201156e+00,7.348633303209232210e-07
-1.786786786786786596e+00,4.206869613493919857e+00,4.206873939057085288e+00,1.028213164476219350e-06
-1.771771771771771586e+00,4.241271091414688499e+00,4.241275595792864728e+00,1.062033832627372811e-06
-1.756756756756756577e+00,4.276428124671647346e+00,4.276432823125611904e+00,1.098685319958738342e-06
-1.741741741741741567e+00,4.312362758539759255e+00,4.312372958669107526e+00,2.365317064648801507e-06
-1.726726726726726557e+00,4.349097911404276928e+00,4.349108560475903218e+00,2.448564223727819912e-06
-1.711711711711711548e+00,4.386657345880422554e+00,4.386662708811530642e+00,1.222553787259664433e-06
-1.696696696696696538e+00,4.425065845058721692e+00,4.425073449018112726e+00,1.718380379137211937e-06
-1.681681681681681528e+00,4.464349008576529165e+00,4.464356921831353908e+00,1.772540807847588473e-06
-1.666666666666666519e+00,4.504533601657240816e+00,4.504541817302524009e+00,1.823858145047405597e-06
-1.651651651651651509e+00,4.545647355304162751e+00,4.545655885507780880e+00,1.876561674042351913e-06
-1.636636636636636499e+00,4.587719102035294760e+00,4.587727971547638006e+00,1.933312611003345238e-06
-1.621621621621621490e+00,4.630778830459849615e+00,4.630788060774479575e+00,1.993249207007803417e-06
-1.606606606606606480e+00,4.674857715988994578e+00,4.674867325438696319e+00,2.055555598220118384e-06
-1.591591591591591470e+00,4.719988165913384215e+00,4.719998205484333909e+00,2.127028552262651309e-06
-1.576576576576576461e+00,4.766203870105318430e+00,4.766214324741100405e+00,2.193488389245607330e-06
-1.561561561561561451e+00,4.813539852627648052e+00,4.813537959182777826e+00,3.933582504765917446e-07
-1.546546546546546441e+00,4.862032523412811003e+00,4.862030634477534363e+00,3.885074814717493856e-07
-1.531531531531531432e+00,4.911719730213257584e+00,4.911717852553002750e+00,3.822817823011355767e-07
-1.516516516516516422e+00,4.962640810844010097e+00,4.962638951895235628e+00,3.745887606349425905e-07
-1.501501501501501412e+00,5.014836645477759980e+00,5.014834813373124867e+00,3.653369858220652047e-07
-1.486486486486486402e+00,5.068349708665847331e+00,5.068351144392104324e+00,2.832728467485186963e-07
-1.471471471471471393e+00,5.123224120428856665e+00,5.123225770301012005e+00,3.220377608390009750e-07
-1.456456456456456383e+00,5.179505695847195668e+00,5.179507579187434985e+00,3.636137626064602903e-07
-1.441441441441441373e+00,5.237241992326061357e+00,5.237244129824583538e+00,4.081342150939105753e-07
-1.426426426426426364e+00,5.296482353551493105e+00,5.296489509526898232e+00,1.351078934878446749e-06
-1.411411411411411354e+00,5.357277949111287185e+00,5.357285524753903516e+00,1.414082296216408115e-06
-1.396396396396396344e+00,5.419681808347497132e+00,5.419691512824437396e+00,1.790595814780406727e-06
-1.381381381381381335e+00,5.483748846879618277e+00,5.483757256357465693e+00,1.533524817800053469e-06
-1.366366366366366325e+00,5.549535883943709003e+00,5.549523331777964863e+00,2.261845746690132609e-06
-1.351351351351351315e+00,5.617101648228381983e+00,5.617088612648076129e+00,2.320700491799453680e-06
-1.336336336336336306e+00,5.686506769603118627e+00,5.686493230875486304e+00,2.380857073532202205e-06
-1.321321321321321296e+00,5.757813753616617625e+00,5.757799691307856627e+00,2.442306004883600703e-06
-1.306306306306306286e+00,5.831086935028902296e+00,5.831079647258954779e+00,1.249814852202013511e-06
-1.291291291291291277e+00,5.906392406081485191e+00,5.906384786606143855e+00,1.290040459032525060e-06
-1.276276276276276267e+00,5.983797914429459297e+00,5.983789947995415304e+00,1.331335844544828394e-06
-1.261261261261261257e+00,6.063372724742742470e+00,6.063364545211271661e+00,1.349008691431705162e-06
-1.246246246246246248e+00,6.145187437033025724e+00,6.145178871398491616e+00,1.393878797242972634e-06
-1.231231231231231238e+00,6.229313753647961249e+00,6.229304783609705076e+00,1.439974213458722266e-06
-1.216216216216216228e+00,6.315824185432440174e+00,6.315824145647353838e+00,6.299270755333870005e-09
-1.201201201201201219e+00,6.404791686097258463e+00,6.404781680165638313e+00,1.562259592881351774e-06
-1.186186186186186209e+00,6.496289202236482652e+00,6.496288847349838136e+00,5.462913562726645633e-08
-1.171171171171171199e+00,6.590389124293193568e+00,6.590388963852308990e+00,2.434467608177585281e-08
-1.156156156156156189e+00,6.687162621661892459e+00,6.687162483022276227e+00,2.073220391813626624e-08
-1.141141141141141180e+00,6.786678842862200689e+00,6.786678379036255926e+00,6.834358707727587831e-08
-1.126126126126126170e+00,6.889003958855255405e+00,6.889004136379962340e+00,2.576928441618670896e-08
-1.111111111111111160e+00,6.994200024688389306e+00,6.994199578290525743e+00,6.382400996223989276e-08
-1.096096096096096151e+00,7.102323631862686781e+00,7.102322363394643290e+00,1.785990523366340544e-07
-1.081081081081081141e+00,7.213424320450323890e+00,7.213423741106997689e+00,8.031461161776219170e-08
-1.066066066066066131e+00,7.327542716591302074e+00,7.327541753495078858e+00,1.314351054713781720e-07
-1.051051051051051122e+00,7.444708358770022016e+00,7.444707707231422944e+00,8.751701540136186723e-08
-1.036036036036036112e+00,7.564937172716861724e+00,7.564934703584083486e+00,3.263918163190459408e-07
-1.021021021021021102e+00,7.688228553491683215e+00,7.688228979079683612e+00,5.535579150344970799e-08
-1.006006006006006093e+00,7.814562012904767485e+00,7.814560466543265527e+00,1.978820828860309838e-07
-9.909909909909906389e-01,7.943893350344792381e+00,7.943890169192846962e+00,4.004526595491292625e-07
-9.759759759759756292e-01,8.076150310426310597e+00,8.076148683166215037e+00,2.014896158303868897e-07
-9.609609609609606196e-01,8.211227696597433123e+00,8.211225989598247565e+00,2.078860316011534368e-07
-9.459459459459456099e-01,8.348981921783829918e+00,8.348980346191307689e+00,1.887167602386499294e-07
-9.309309309309306002e-01,8.489224996266695911e+00,8.489225767291310731e+00,9.082390266865492403e-08
-9.159159159159155905e-01,8.631717977436409228e+00,8.631715848518156875e+00,2.466390564419071012e-07
-9.009009009009005808e-01,8.776163939956923343e+00,8.776156798731603814e+00,8.137075810406215942e-07
-8.858858858858855712e-01,8.922200573841630344e+00,8.922195988109058007e+00,5.139690473566256728e-07
-8.708708708708705615e-01,9.069392572977763578e+00,9.069391551634211623e+00,1.126143409003623080e-07
-8.558558558558555518e-01,9.217224052390445621e+00,9.217217835690082239e+00,6.744660345673924215e-07
-8.408408408408405421e-01,9.365091310561838966e+00,9.365084255315554884e+00,7.533564132194288899e-07
-8.258258258258255324e-01,9.512296361646026099e+00,9.512300386113727413e+00,4.230803841296362922e-07
-8.108108108108105228e-01,9.658041753024320997e+00,9.658035241758147649e+00,6.741812398028330347e-07
-7.957957957957955131e-01,9.801427324385230122e+00,9.801424573849196520e+00,2.806261490743704446e-07
-7.807807807807805034e-01,9.941449487175098909e+00,9.941454485229050064e+00,5.027487636322464996e-07
-7.657657657657654937e-01,1.007700418654374985e+01,1.007699587245024375e+01,8.250567541494315228e-07
-7.507507507507504840e-01,1.020689378547605841e+01,1.020688501760639433e+01,8.590152283443425300e-07
-7.357357357357354743e-01,1.032983919954621044e+01,1.032984410521148710e+01,4.749021598681857893e-07
-7.207207207207204647e-01,1.044449757363925180e+01,1.044448894058265331e+01,8.265657273990266669e-07
-7.057057057057054550e-01,1.054948602446491712e+01,1.054947542769964741e+01,1.004482672369329563e-06
-6.906906906906904453e-01,1.064341156063779437e+01,1.064341653698212831e+01,4.675514029399369285e-07
-6.756756756756754356e-01,1.072490657127501379e+01,1.072490056769104250e+01,5.597799190211907769e-07
-6.606606606606604259e-01,1.079266908794246405e+01,1.079266055334166019e+01,7.907782109586578702e-07
-6.456456456456454163e-01,1.084550613524736207e+01,1.084551505194531806e+01,8.221553253385511083e-07
-6.306306306306304066e-01,1.088237799197891675e+01,1.088237068251670436e+01,6.716792163800796230e-07
-6.156156156156153969e-01,1.090244078702051667e+01,1.090243091817663768e+01,9.051966440380964001e-07
-6.006006006006003872e-01,1.090508440387210243e+01,1.090509400742522850e+01,8.806483575043576787e-07
-5.855855855855853775e-01,1.088996287875969138e+01,1.088995898490888337e+01,3.575634043625160130e-07
-5.705705705705703679e-01,1.085701467418452282e+01,1.085700791620132577e+01,6.224535571133835697e-07
-5.555555555555553582e-01,1.080647090286944589e+01,1.080647914735184578e+01,7.629203080365659993e-07
-5.405405405405403485e-01,1.073885054227164559e+01,1.073884683462399714e+01,3.452556597138712535e-07
-5.255255255255253388e-01,1.065494273890333865e+01,1.065493348264496021e+01,8.687298136135372849e-07
-5.105105105105103291e-01,1.055577743086332809e+01,1.055578461652323163e+01,6.807319554714551299e-07
-4.954954954954953195e-01,1.044258648631824116e+01,1.044259058733135781e+01,3.927198986071746432e-07
-4.804804804804803098e-01,1.031675826039434796e+01,1.031674975059920740e+01,8.248523368573644542e-07
-4.654654654654653001e-01,1.017978882232749704e+01,1.017979170171344094e+01,2.828531298351110013e-07
-4.504504504504502904e-01,1.003323308127312607e+01,1.003323577450253445e+01,2.684307903162749913e-07
-4.354354354354352807e-01,9.878658682828165283e+00,9.878656032618870597e+00,2.682763005346834493e-07
-4.204204204204202711e-01,9.717604947816072425e+00,9.717603569209853021e+00,1.418668923449846223e-07
-4.054054054054052614e-01,9.551548396984625100e+00,9.551545830574765361e+00,2.686905245770515193e-07
-3.903903903903902517e-01,9.381875656984703937e+00,9.381879005164636354e+00,3.568773302846142994e-07
-3.753753753753752420e-01,9.209863870151602683e+00,9.209864256788476311e+00,4.198073531249837530e-08
-3.603603603603602323e-01,9.036668191002835471e+00,9.036667200738488503e+00,1.095829164635304381e-07
-3.453453453453452227e-01,8.863315573830861993e+00,8.863312919639044551e+00,2.994582095325292145e-07
-3.303303303303302130e-01,8.690703836455364595e+00,8.690698442614655406e+00,6.206452501838692173e-07
-3.153153153153152033e-01,8.519604902916700695e+00,8.519598609296554770e+00,7.387226129477021634e-07
-3.003003003003001936e-01,8.350671154219675429e+00,8.350668873007549564e+00,2.731771742547493750e-07
-2.852852852852851839e-01,8.184443915588518692e+00,8.184440630771904424e+00,4.013489452068626132e-07
-2.702702702702701743e-01,8.021363242619885980e+00,8.021361671819256856e+00,1.958271791488223236e-07
-2.552552552552551646e-01,7.861778200688993579e+00,7.861777366491275565e+00,1.061080311901587705e-07
-2.402402402402401549e-01,7.705957922590850551e+00,7.705956487089464346e+00,1.862846472867374809e-07
-2.252252252252251452e-01,7.554100699827825949e+00,7.554098546985595242e+00,2.849899584069079238e-07
-2.102102102102101355e-01,7.406344744923328172e+00,7.406344015788409507e+00,9.844734691098812277e-08
-1.951951951951951258e-01,7.262776502814877411e+00,7.262775799077737737e+00,9.689644278469748799e-08
-1.801801801801801162e-01,7.123438879509749633e+00,7.123438339708534350e+00,7.577818316659931789e-08
-1.651651651651651065e-01,6.988338468364052147e+00,6.988338450253376521e+00,2.591556741959461467e-09
-1.501501501501500968e-01,6.857451938051569051e+00,6.857452270557217844e+00,4.848821919184472133e-08
-1.351351351351350871e-01,6.730731615293945147e+00,6.730730805289292462e+00,1.203442354355259062e-07
-1.201201201201200774e-01,6.608110316417955765e+00,6.608110070231034250e+00,3.725526949443479167e-08
-1.051051051051050678e-01,6.489505492370497564e+00,6.489505549667194728e+00,8.829131391609130865e-09
-9.009009009009005808e-02,6.374822756781616029e+00,6.374813245222776814e+00,1.492052939173174765e-06
-7.507507507507504840e-02,6.263958866398453118e+00,6.263958837239476551e+00,4.655039620197250366e-09
-6.006006006006003872e-02,6.156804220939107175e+00,6.156795451558102705e+00,1.424341781933084622e-06
-4.504504504504502904e-02,6.053244943823740343e+00,6.053236622122825317e+00,1.374752291131762113e-06
-3.003003003003001936e-02,5.953164601862748206e+00,5.953156776170347442e+00,1.314544987642496621e-06
-1.501501501501500968e-02,5.856445614385839882e+00,5.856430929461268420e+00,2.507487025517235981e-06
0.000000000000000000e+00,5.762970398144761752e+00,5.762963428305934777e+00,1.209419236072524570e-06
1.501501501501500968e-02,5.672622287727259405e+00,5.672608795889635402e+00,2.378418486002149239e-06
3.003003003003001936e-02,5.585286266900613583e+00,5.585273427035347460e+00,2.298878547999505150e-06
4.504504504504502904e-02,5.500849540889517719e+00,5.500837331271253738e+00,2.219592678113088016e-06
6.006006006006003872e-02,5.419201976109610186e+00,5.419190374508266572e+00,2.140836645670800282e-06
7.507507507507504840e-02,5.340236429301526755e+00,5.340225409782278554e+00,2.063493280267781840e-06
9.009009009009005808e-02,5.263848985494282040e+00,5.263856370476675650e+00,1.402960467354339304e-06
1.051051051051050678e-01,5.189939120766631220e+00,5.189946177563921736e+00,1.359705293481293560e-06
1.201201201201200774e-01,5.118409803459601726e+00,5.118411746263358708e+00,3.795716041017483491e-07
1.351351351351350871e-01,5.049167545535254931e+00,5.049169267051922816e+00,3.409504765702525160e-07
1.501501501501500968e-01,4.982122413572938946e+00,4.982123938665028007e+00,3.061128361791561473e-07
1.651651651651651065e-01,4.917188007573861874e+00,4.917189359336760823e+00,2.749056015876787598e-07
1.801801801801801162e-01,5.619162951058126687e+00,5.619178375613111065e+00,2.744984044521439953e-06
1.951951951951951258e-01,8.550691159066035496e+00,8.552583084614866493e+00,2.212110107687066121e-04
2.102102102102101355e-01,1.129634651878402529e+01,1.129635102601759833e+01,3.989990717051666591e-07
2.252252252252251452e-01,1.384749444027467291e+01,1.384750992816816151e+01,1.118460544093357840e-06
2.402402402402401549e-01,1.620203547168127045e+01,1.620203319067226033e+01,1.407853559658216058e-07
2.552552552552551646e-01,1.835480571253333437e+01,1.835484979901556102e+01,2.401898283526720291e-06
2.702702702702701743e-01,2.029917702990030648e+01,2.029920293647444041e+01,1.276236028330800025e-06
2.852852852852851839e-01,2.202665981426436659e+01,2.202669604486448662e+01,1.644849506536971160e-06
3.003003003003001936e-01,2.352632076963614338e+01,2.352632410055104017e+01,1.415824623752007732e-07
3.153153153153152033e-01,2.478389585774781523e+01,2.478391068231708516e+01,5.981529493047459866e-07
3.303303303303302130e-01,2.578036966590257251e+01,2.578038265629578518e+01,5.038867493110224054e-07
3.453453453453452227e-01,2.648954650782050635e+01,2.648953757049043745e+01,3.373909433156565274e-07
3.603603603603602323e-01,2.687351190373857435e+01,2.687349335262813810e+01,6.903125765163977318e-07
3.753753753753752420e-01,2.687299568639991421e+01,2.687304160234726069e+01,1.708624874918361653e-06
3.903903903903902517e-01,2.638230473198883530e+01,2.638232529335802568e+01,7.793615218424847745e-07
4.054054054054052614e-01,2.515219154283289882e+01,2.515217063107032303e+01,8.314098565298560193e-07
4.204204204204202711e-01,2.213419690720112953e+01,2.213418745599042126e+01,4.269960542743992661e-07
4.354354354354352807e-01,2.020321222616798451e+01,2.020322283375315209e+01,5.250442097710754961e-07
4.504504504504502904e-01,1.890098245012906020e+01,1.890098855248897181e+01,3.228592988489355041e-07
4.654654654654653001e-01,1.788827597543136960e+01,1.788828160702709624e+01,3.148203863488124359e-07
4.804804804804803098e-01,1.705421281100606024e+01,1.705421119295975529e+01,9.487664287919952125e-08
4.954954954954953195e-01,1.634407248876433272e+01,1.634407090266456919e+01,9.704435161683343472e-08
5.105105105105103291e-01,1.572583479549865437e+01,1.572583535140213939e+01,3.534969511000559255e-08
5.255255255255253388e-01,1.517882607094029090e+01,1.517882711871351731e+01,6.902860268510629510e-08
5.405405405405403485e-01,1.468879972970130687e+01,1.468880074584126127e+01,6.917787040507334107e-08
5.555555555555553582e-01,1.424546806897741469e+01,1.424546892293030353e+01,5.994557943064234447e-08
5.705705705705703679e-01,1.384113427489147696e+01,1.384113676652432900e+01,1.800164895464421458e-07
5.855855855855853775e-01,1.346987708462355293e+01,1.346987917027236037e+01,1.548379744964744239e-07
6.006006006006003872e-01,1.312703705651364494e+01,1.312704486279936589e+01,5.946719770165612829e-07
6.156156156156153969e-01,1.280887830005970507e+01,1.280888588722444155e+01,5.923360394712569448e-07
6.306306306306304066e-01,1.251235761316560691e+01,1.251236528277337534e+01,6.129622653355467171e-07
6.456456456456454163e-01,1.223496215828680178e+01,1.223496946255427353e+01,5.969992400968219620e-07
6.606606606606604259e-01,1.197459242057374951e+01,1.197459997249261043e+01,6.306614733080162854e-07
6.756756756756754356e-01,1.172947597440122536e+01,1.172948322859420145e+01,6.184580202482690209e-07
6.906906906906904453e-01,1.149810274716944214e+01,1.149810965778455696e+01,6.010218479817995893e-07
7.057057057057054550e-01,1.127917561628991372e+01,1.127918223215202254e+01,5.865551218737684463e-07
7.207207207207204647e-01,1.107157215558974883e+01,1.107157820933127645e+01,5.467821672000448324e-07
7.357357357357354743e-01,1.087431462840938323e+01,1.087432042508440411e+01,5.330608989140481411e-07
7.507507507507504840e-01,1.068654617400722628e+01,1.068655486665835497e+01,8.134194075776542422e-07
7.657657657657654937e-01,1.050751170927122580e+01,1.050751996410004097e+01,7.856115280648432730e-07
7.807807807807805034e-01,1.033654246495933293e+01,1.033655030665178920e+01,7.586372845514164008e-07
7.957957957957955131e-01,1.017304335522496217e+01,1.017305485786404695e+01,1.130696653610376457e-06
8.108108108108105228e-01,1.001648257844757417e+01,1.001649079190851133e+01,8.199938589062988283e-07
8.258258258258255324e-01,9.866382991939515179e+00,9.866389694174642955e+00,6.792996562595579182e-07
8.408408408408405421e-01,9.722314909136107630e+00,9.722321286565870579e+00,6.559575203260894825e-07
8.558558558558555518e-01,9.583890046634861548e+00,9.583896233936172848e+00,6.455935206592806926e-07
8.708708708708705615e-01,9.450756407635498846e+00,9.450762306489508546e+00,6.241670056234442524e-07
8.858858858858855712e-01,9.322593933201542171e+00,9.322599560576147582e+00,6.036271931283636026e-07
9.009009009009005808e-01,9.199110787224823227e+00,9.199116646023281163e+00,6.368870711590392206e-07
9.159159159159155905e-01,9.080040167537827500e+00,9.080045712431020988e+00,6.106679821992948221e-07
9.309309309309306002e-01,8.965137556354022763e+00,8.965142808610563563e+00,5.858530815320893961e-07
9.459459459459456099e-01,8.854178339434009004e+00,8.854183318759245580e+00,5.623697925958147400e-07
9.609609609609606196e-01,8.746955736417650229e+00,8.746960461062180059e+00,5.401470088794900605e-07
9.759759759759756292e-01,8.643278994825967843e+00,8.643283481699922888e+00,5.191168338450416839e-07
9.909909909909906389e-01,8.542971808615993368e+00,8.542976073387084313e+00,4.992137463934204577e-07
1.006006006006005649e+00,8.445870928708600900e+00,8.445874985895628129e+00,4.803749799759266540e-07
1.021021021021020658e+00,8.351824938337594872e+00,8.351828801393615720e+00,4.625401349465955500e-07
1.036036036036035668e+00,8.260693170439573407e+00,8.260696245971336893e+00,3.723090247974601156e-07
1.051051051051050678e+00,8.172344747929312092e+00,8.172348939837496218e+00,5.129379833124319422e-07
1.066066066066065687e+00,8.086657730620775197e+00,8.086660552078823727e+00,3.489027430246750276e-07
1.081081081081080697e+00,8.003518355033811815e+00,8.003521031431985122e+00,3.344025914089506357e-07
1.096096096096095707e+00,7.922820355401788639e+00,7.922822897314251378e+00,3.208341894908100088e-07
1.111111111111110716e+00,7.844464355814349865e+00,7.844468556343163534e+00,5.354765314563807073e-07
1.126126126126125726e+00,7.768357324901861816e+00,7.768361391351885636e+00,5.234630340894987696e-07
1.141141141141140736e+00,7.694412085745620189e+00,7.694416667308853874e+00,5.954399705374717209e-07
1.156156156156155745e+00,7.622546874535482964e+00,7.622552535291924336e+00,7.426326568644154129e-07
1.171171171171170755e+00,7.552684942525350387e+00,7.552689307343820602e+00,5.779157982800723242e-07
1.186186186186185765e+00,7.484754196485521760e+00,7.484758467130130377e+00,5.705788139152382637e-07
1.201201201201200774e+00,7.418686873483935074e+00,7.418691053840839267e+00,5.634898223762650730e-07
1.216216216216215784e+00,7.354419246405760724e+00,7.354423340119876862e+00,5.566329169284910124e-07
1.231231231231230794e+00,7.291891356982202588e+00,7.291896956668502128e+00,7.679327248884167566e-07
1.246246246246245803e+00,7.231046773676635731e+00,7.231052277203533052e+00,7.610962673678450384e-07
1.261261261261260813e+00,7.171832371869723666e+00,7.171837354818004329e+00,6.947938211838288409e-07
1.276276276276275823e+00,7.114198134346415792e+00,7.114203038190427542e+00,6.893033535063779995e-07
1.291291291291290833e+00,7.058096970171791718e+00,7.058101797547278622e+00,6.839481244917588518e-07
1.306306306306305842e+00,7.003484550313008761e+00,7.003489303730842330e+00,6.787213669388095601e-07
1.321321321321320852e+00,6.950319158691670829e+00,6.950324268271518946e+00,7.351570446061810319e-07
1.336336336336335862e+00,6.898561557185534099e+00,6.898566586590739291e+00,7.290507588878670592e-07
1.351351351351350871e+00,6.848174863791859579e+00,6.848180532460611758e+00,8.277627503114568917e-07
1.366366366366365881e+00,6.799124442780289712e+00,6.799131565453382819e+00,1.047585713636998302e-06
1.381381381381380891e+00,6.751377806126326320e+00,6.751384828051214981e+00,1.040071787862887544e-06
1.396396396396395900e+00,6.704904525510728241e+00,6.704911449606158591e+00,1.032690063454345649e-06
1.411411411411411798e+00,6.659676154303902251e+00,6.659682983453098615e+00,1.025446588573573838e-06
1.426426426426426808e+00,6.615666159032798532e+00,6.615672896089137112e+00,1.018347860360805995e-06
1.441441441441441818e+00,6.572849859974617459e+00,6.572856507761380307e+00,1.011399952972953079e-06
1.456456456456456827e+00,6.531204380566165035e+00,6.531210639702598186e+00,9.583424541695728713e-07
1.471471471471471837e+00,6.490708605400882902e+00,6.490714787809131359e+00,9.525003717723185616e-07
1.486486486486486847e+00,6.451343146774679127e+00,6.451349254710752490e+00,9.467687815696715045e-07
1.501501501501501856e+00,6.413090319681023388e+00,6.413096355361412648e+00,9.411491820506313721e-07
1.516516516516516866e+00,6.375934125382180184e+00,6.375940090981365493e+00,9.356422896362155234e-07
1.531531531531531876e+00,6.339860243696404218e+00,6.339866141360052332e+00,9.302505000284130013e-07
1.546546546546546885e+00,6.304856034334081372e+00,6.304861866170608842e+00,9.249745119336280989e-07
1.561561561561561895e+00,6.270910547618730568e+00,6.270917453316028123e+00,1.101225992681952566e-06
1.576576576576576905e+00,6.238014545196501892e+00,6.238020065126009150e+00,8.848848592388780252e-07
1.591591591591591914e+00,6.206160531344732334e+00,6.206166014590246860e+00,8.835157650690030126e-07
1.606606606606606924e+00,6.175342795798154150e+00,6.175348244314131207e+00,8.823010074086937736e-07
1.621621621621621934e+00,6.145557469058070765e+00,6.145562884877660004e+00,8.812568825168301858e-07
1.636636636636636943e+00,6.116802591545168255e+00,6.116807976773828592e+00,8.803985151709177842e-07
1.651651651651651953e+00,6.089078198040845713e+00,6.089083554870962978e+00,8.797432436248020742e-07
1.666666666666666963e+00,6.062386419327109088e+00,6.062391750054464623e+00,8.793109345807050928e-07
1.681681681681681972e+00,6.036731603249516631e+00,6.036736106945914671e+00,7.460482483005002219e-07
1.696696696696696982e+00,6.012120457878484814e+00,6.012124940695033004e+00,7.456293061787292566e-07
1.711711711711711992e+00,5.988562219996656388e+00,5.988566717515056759e+00,7.510174992651025102e-07
1.726726726726727001e+00,5.966068852873055661e+00,5.966073366563982461e+00,7.565597419729843707e-07
1.741741741741742011e+00,5.944655278024796985e+00,5.944659809608929812e+00,7.622949467188459195e-07
1.756756756756757021e+00,5.924339646777227131e+00,5.924344198251718652e+00,7.682663834528859035e-07
1.771771771771772030e+00,5.905143658673726037e+00,5.905148232341341341e+00,7.745220670761500190e-07
1.786786786786787040e+00,5.887092935418410278e+00,5.887096832182393769e+00,6.619160673880495241e-07
1.801801801801802050e+00,5.870217461061189468e+00,5.870221397495737570e+00,6.705768456673859976e-07
1.816816816816817060e+00,5.854552101767461103e+00,5.854556080651926564e+00,6.796218894563641104e-07
1.831831831831832069e+00,5.840137221866321227e+00,5.840141246473002035e+00,6.891283123055657546e-07
1.846846846846847079e+00,5.827019417179651661e+00,5.827023491354803575e+00,6.991863269400155287e-07
1.861861861861862089e+00,5.815252392413126081e+00,5.815256520676914676e+00,7.099022672371583615e-07
1.876876876876877098e+00,5.804898016919802117e+00,5.804902204581263270e+00,7.214008631958573587e-07
1.891891891891892108e+00,5.796027603252527527e+00,5.796031856558997220e+00,7.338307612784047561e-07
1.906906906906907118e+00,5.788723466681183538e+00,5.788727793006936295e+00,7.473707362753270779e-07
1.921921921921922127e+00,5.783080842708895553e+00,5.783084977477066957e+00,7.149762086339224450e-07
1.936936936936937137e+00,5.779210265787265044e+00,5.779214486129421680e+00,7.302622470172617645e-07
1.951951951951952147e+00,5.777240549798142943e+00,5.777244867324812461e+00,7.473331611641539669e-07
1.966966966966967156e+00,5.777322564103607228e+00,5.777326992866619548e+00,7.665764838633921445e-07
1.981981981981982166e+00,5.779634077861353525e+00,5.779638634993104596e+00,7.884803945145056827e-07
1.996996996996997176e+00,5.784386062947514340e+00,5.784390769527916198e+00,8.136691640289705296e-07
2.012012012012012185e+00,5.791831027176463920e+00,5.791835909441038766e+00,8.429563011078196720e-07
2.027027027027027195e+00,5.802274235944111958e+00,5.802279326895718015e+00,8.774054676166060918e-07
2.042042042042042205e+00,5.816089147149348548e+00,5.816094488902664672e+00,9.184433516883222566e-07
2.057057057057057214e+00,5.833739174487647894e+00,5.833743642088733417e+00,7.658206050211511891e-07
2.072072072072072224e+00,5.855809287930071605e+00,5.855813953581740172e+00,7.967554477569217675e-07
2.087087087087087234e+00,5.883053549530310455e+00,5.883058145407814798e+00,7.812055211336868365e-07
2.102102102102102243e+00,5.916469794339244359e+00,5.916474600477770629e+00,8.123314728473216414e-07
2.117117117117117253e+00,5.957423557901742051e+00,5.957428749669459123e+00,8.714779370815205153e-07
2.132132132132132263e+00,6.007868921399803774e+00,6.007874381977366340e+00,9.089034183116160133e-07
2.147147147147147273e+00,6.070782255394354010e+00,6.070788240064628027e+00,9.858143683090613324e-07
2.162162162162162282e+00,6.151144040085269715e+00,6.151150203697735463e+00,1.002026005159657975e-06
2.177177177177177292e+00,6.258744309104318226e+00,6.258751228676397993e+00,1.105583498520026681e-06
2.192192192192192302e+00,6.421468674799677423e+00,6.421488665842182364e+00,3.113147674195755065e-06
2.207207207207207311e+00,6.700977278405980009e+00,6.700914096680670617e+00,9.428821858899629171e-06
2.222222222222222321e+00,6.819510115258568206e+00,6.819435207523475206e+00,1.098444853766748781e-05
2.237237237237237331e+00,6.868999485122491144e+00,6.868935940362559833e+00,9.251034000465141062e-06
2.252252252252252340e+00,6.875846267931355449e+00,6.875792899256834900e+00,7.761821116851400144e-06
2.267267267267267350e+00,6.851075192634079158e+00,6.851017098243432635e+00,8.479673866442221671e-06
2.282282282282282360e+00,6.800960613176473046e+00,6.800882959746702205e+00,1.141813941372887241e-05
2.297297297297297369e+00,6.729626547833882810e+00,6.729576325249231772e+00,7.462963821749722734e-06
2.312312312312312379e+00,6.640026593753655781e+00,6.639963190509480917e+00,9.548734285980210574e-06
2.327327327327327389e+00,6.534401084663594261e+00,6.534322158225490895e+00,1.207874913299345699e-05
2.342342342342342398e+00,6.414520753322704216e+00,6.414476802559899049e+00,6.851807896105766502e-06
2.357357357357357408e+00,6.281829180991358896e+00,6.281770733293168263e+00,9.304334824074788051e-06
2.372372372372372418e+00,6.137531970594169550e+00,6.137472204895367156e+00,9.737836165632482013e-06
2.387387387387387427e+00,5.982655597847802653e+00,5.982656309605018485e+00,1.189700994004042939e-07
2.402402402402402437e+00,5.818087922369434395e+00,5.818107160132973021e+00,3.306533037144474924e-06
2.417417417417417447e+00,5.644607051329980862e+00,5.644652390482800541e+00,8.032231160261219349e-06
2.432432432432432456e+00,5.462902503128371556e+00,5.462940381087156183e+00,6.933621116525677895e-06
2.447447447447447466e+00,5.273591106773278803e+00,5.273618545029011173e+00,5.202927647892576854e-06
2.462462462462462476e+00,5.077229198160679857e+00,5.077261982332366586e+00,6.457057327514167080e-06
2.477477477477477485e+00,4.874322146363442521e+00,4.874355431774796799e+00,6.828679570081836672e-06
2.492492492492492495e+00,4.665331913435654343e+00,4.665368477674905812e+00,7.837374352409417450e-06
2.507507507507507505e+00,4.450683138119804205e+00,4.450718349558647979e+00,7.911405772793015482e-06
2.522522522522522515e+00,4.230768093110848227e+00,4.230798894096144735e+00,7.280181844495062784e-06
2.537537537537537524e+00,4.005950769886232443e+00,4.005995547615378349e+00,1.117767821099069745e-05
2.552552552552552534e+00,3.776570278570907657e+00,3.776598105905033087e+00,7.368359922100105457e-06
2.567567567567567544e+00,3.542943703216687723e+00,3.542976367591879061e+00,9.219473065110968526e-06
2.582582582582582553e+00,3.305368525365532051e+00,3.305390258311169838e+00,6.575001418710203671e-06
2.597597597597597563e+00,3.236609359622428794e+00,3.236612603035786240e+00,1.002101195059095266e-06
2.612612612612612573e+00,3.225202103159471978e+00,3.225205340339976079e+00,1.003712992661637903e-06
2.627627627627627582e+00,3.213942849009778779e+00,3.213946079960287694e+00,1.005290825835651365e-06
2.642642642642642592e+00,3.202829932178298034e+00,3.202833156896732980e+00,1.006833099627022216e-06
2.657657657657657602e+00,3.191861738296796425e+00,3.191864956795487096e+00,1.008344254608634639e-06
2.672672672672672611e+00,3.181036702909664449e+00,3.181039915197709345e+00,1.009823243508805899e-06
2.687687687687687621e+00,3.170353310736448549e+00,3.170356516833069627e+00,1.011273212982519447e-06
2.702702702702702631e+00,3.159810095037414168e+00,3.159813294959632035e+00,1.012693447100580406e-06
2.717717717717717640e+00,3.149405636974536904e+00,3.149408830750007215e+00,1.014087291280931940e-06
2.732732732732732650e+00,3.139138565067968845e+00,3.139141752722857781e+00,1.015454267451135754e-06
2.747747747747747660e+00,3.129007554643495226e+00,3.129010736216510935e+00,1.016798369812003329e-06
2.762762762762762669e+00,3.119011327378177434e+00,3.119014502910205877e+00,1.018120315080384848e-06
2.777777777777777679e+00,3.109148650859198781e+00,3.109151820386063747e+00,1.019418493553033520e-06
2.792792792792792689e+00,3.099418338172233778e+00,3.099421476234184958e+00,1.012466995935258276e-06
2.807807807807807698e+00,3.089819247553435400e+00,3.089822381113033423e+00,1.014155252799448812e-06
2.822822822822822708e+00,3.080350282124611816e+00,3.080353411206063097e+00,1.015818977100951075e-06
2.837837837837837718e+00,3.071010389561092957e+00,3.071013514209190109e+00,1.017464782455422447e-06
2.852852852852852727e+00,3.061798561929552687e+00,3.061801682186871432e+00,1.019091908172304277e-06
2.867867867867867737e+00,3.052713835484553773e+00,3.052716951395847200e+00,1.020701015861573542e-06
2.882882882882882747e+00,3.043755290543514569e+00,3.043758402151154119e+00,1.022291269028043701e-06
2.897897897897897757e+00,3.034922051361914175e+00,3.034925158736426098e+00,1.023871874724385003e-06
2.912912912912912766e+00,3.026213286170706063e+00,3.026216389357049508e+00,1.025434385445344158e-06
2.927927927927927776e+00,3.017628207079278813e+00,3.017631306138810032e+00,1.026984153072389638e-06
2.942942942942942786e+00,3.009166070162442974e+00,3.009169165170793026e+00,1.028525875472249169e-06
2.957957957957957795e+00,3.000826175576733590e+00,3.000829266592754063e+00,1.030053943716362867e-06
2.972972972972972805e+00,2.992607867627108398e+00,2.992610954729727268e+00,1.031574991059731934e-06
2.987987987987987815e+00,2.984510535004081699e+00,2.984513618271534607e+00,1.033088753233315091e-06
3.003003003003003712e+00,2.976533610993874035e+00,2.976536690499394844e+00,1.034593502790705415e-06
3.018018018018018722e+00,2.968676573729082779e+00,2.968679649560679756e+00,1.036094142873305208e-06
3.033033033033033732e+00,2.960938946549917183e+00,2.960942018792169783e+00,1.037589467507693166e-06
3.048048048048048742e+00,2.953320298337045013e+00,2.953323367091707397e+00,1.039085220595082885e-06
3.063063063063063751e+00,2.945820243973171326e+00,2.945823309340184881e+00,1.040580744892526098e-06
3.078078078078078761e+00,2.938438444804782002e+00,2.938441506872891740e+00,1.042072167363598302e-06
3.093093093093093771e+00,2.931174609119452601e+00,2.931177668006396786e+00,1.043569271686439176e-06
3.108108108108108780e+00,2.924028492797896561e+00,2.924031548613506448e+00,1.045069302120209205e-06
3.123123123123123790e+00,2.916999899897151138e+00,2.917002952752909550e+00,1.046572735050146417e-06
3.138138138138138800e+00,2.910088683329914883e+00,2.910091733355675281e+00,1.048085778684791033e-06
3.153153153153153809e+00,2.903294745637198915e+00,2.903297792962814317e+00,1.049608353227858210e-06
3.168168168168168819e+00,2.896618039777355325e+00,2.896621084520372147e+00,1.051136109273502698e-06
3.183183183183183829e+00,2.890058569923105836e+00,2.890061612233235433e+00,1.052680024785507288e-06
3.198198198198198838e+00,2.883616392449399157e+00,2.883619432472165123e+00,1.054238548864000787e-06
3.213213213213213848e+00,2.877291616864318335e+00,2.877294654741777702e+00,1.055810344053584528e-06
3.228228228228228858e+00,2.871084406800425981e+00,2.871087442704537196e+00,1.057405659632265116e-06
3.243243243243243867e+00,2.864994981189698198e+00,2.864998015263790165e+00,1.059014378300815708e-06
3.258258258258258877e+00,2.859023615282111130e+00,2.859026647706339741e+00,1.060649165702382378e-06
3.273273273273273887e+00,2.853170641935967033e+00,2.853173672899244728e+00,1.062312927700227914e-06
3.288288288288288896e+00,2.847436452854953171e+00,2.847439482547916789e+00,1.064006094664269683e-06
3.303303303303303906e+00,2.841821499923826266e+00,2.841824528507110870e+00,1.065717905600003055e-06
3.318318318318318916e+00,2.836326296442332140e+00,2.836329324147712772e+00,1.067473143846357473e-06
3.333333333333333925e+00,2.830951418751409321e+00,2.830954445775538897e+00,1.069259215418690336e-06
3.348348348348348935e+00,2.825697507515720464e+00,2.825700534098133598e+00,1.071091000837703692e-06
3.363363363363363945e+00,2.820565269373313200e+00,2.820568295739005471e+00,1.072963096423942850e-06
3.378378378378378954e+00,2.815555478406410295e+00,2.815558504790851124e+00,1.074878904373680438e-06
3.393393393393393964e+00,2.810668977723607131e+00,2.810672056588094048e+00,1.095419324961609540e-06
3.408408408408408974e+00,2.805906681189298535e+00,2.805909761111345269e+00,1.097655416228999107e-06
3.423423423423423984e+00,2.801269574872573997e+00,2.801272656153521723e+00,1.099957528574309028e-06
3.438438438438438993e+00,2.796758718873897820e+00,2.796761801797396529e+00,1.102318937825963210e-06
3.453453453453454003e+00,2.792375248834572332e+00,2.792377988162324076e+00,9.810017710198243579e-07
3.468468468468469013e+00,2.788120377608218625e+00,2.788123120299887958e+00,9.837053641440125185e-07
3.483483483483484022e+00,2.783995396865530658e+00,2.783998143272041315e+00,9.864972493941844365e-07
3.498498498498499032e+00,2.780001678526422548e+00,2.780004429047060910e+00,9.893943367940592948e-07
3.513513513513514042e+00,2.776140676300161925e+00,2.776143431330764244e+00,9.923949069874838907e-07
3.528528528528529051e+00,2.772413926933997796e+00,2.772416686884441983e+00,9.955034743670483235e-07
3.543543543543544061e+00,2.768823051337277352e+00,2.768825816692718877e+00,9.987466256827834179e-07
3.558558558558559071e+00,2.765369755728590562e+00,2.765372526939041453e+00,1.002111080476697932e-06
3.573573573573574080e+00,2.762055832147845447e+00,2.762058609741155468e+00,1.005624319565719513e-06
3.588588588588589090e+00,2.758883159059069001e+00,2.758885943591693035e+00,1.009296027804906299e-06
3.603603603603604100e+00,2.755853701436708381e+00,2.755856493434915677e+00,1.013114512293281141e-06
3.618618618618619109e+00,2.752969510223740368e+00,2.752972310308793080e+00,1.017113409469070340e-06
3.633633633633634119e+00,2.750232721668449454e+00,2.750235530457574740e+00,1.021290392833594718e-06
3.648648648648649129e+00,2.747645555619194102e+00,2.747648373820692047e+00,1.025677639393932017e-06
3.663663663663664138e+00,2.745210313491505350e+00,2.745213141770908027e+00,1.030258583438604152e-06
3.678678678678679148e+00,2.742929374828786848e+00,2.742932213971469579e+00,1.035075773389401316e-06
3.693693693693694158e+00,2.740805193419438179e+00,2.740808044192507342e+00,1.040121388728197697e-06
3.708708708708709167e+00,2.738840291627038681e+00,2.738843154901504207e+00,1.045432068791996607e-06
3.723723723723724177e+00,2.737037253753354271e+00,2.737040130424433393e+00,1.051015309255118834e-06
3.738738738738739187e+00,2.735398717407986791e+00,2.735401655988061620e+00,1.074277361935695874e-06
3.753753753753754197e+00,2.733927363104396768e+00,2.733930312615782121e+00,1.078853901923628143e-06
3.768768768768769206e+00,2.732625901468157537e+00,2.732628862789014068e+00,1.083689372112220308e-06
3.783783783783784216e+00,2.731497057900986736e+00,2.731500032010943269e+00,1.088819301365062185e-06
3.798798798798799226e+00,2.730543554520975746e+00,2.730546542209405292e+00,1.094172314355781988e-06
3.813813813813814235e+00,2.729768087447269398e+00,2.729771089854896804e+00,1.099875238097563806e-06
3.828828828828829245e+00,2.729173301999722412e+00,2.729176320052783655e+00,1.105847591842286614e-06
3.843843843843844255e+00,2.728761761142088904e+00,2.728764796015510807e+00,1.112178457569773452e-06
3.858858858858859264e+00,2.728535910446348023e+00,2.728538963249262039e+00,1.118841605392004337e-06
3.873873873873874274e+00,2.728498035742654704e+00,2.728501107708832141e+00,1.125880494883350821e-06
3.888888888888889284e+00,2.728650214657749817e+00,2.728653616727232389e+00,1.246794192460570746e-06
3.903903903903904293e+00,2.728994260328401644e+00,2.728997683233417959e+00,1.254271865947218214e-06
3.918918918918919303e+00,2.729531655519628508e+00,2.729535100530019687e+00,1.262123498800134915e-06
3.933933933933934313e+00,2.730263478110010578e+00,2.730266946597140532e+00,1.270383884724859805e-06
3.948948948948949322e+00,2.731190315439613769e+00,2.731193808337956330e+00,1.278890693109181870e-06
3.963963963963964332e+00,2.732312164595933179e+00,2.732315683348409241e+00,1.287827939321205269e-06
3.978978978978979342e+00,2.733628322468268923e+00,2.733631868284930100e+00,1.297108327684753788e-06
3.993993993993994351e+00,2.735137258492475798e+00,2.735140832613529138e+00,1.306741141341888726e-06
4.009009009009009361e+00,2.736836472997958403e+00,2.736840076594849513e+00,1.316699840055815110e-06
4.024024024024024371e+00,2.738722338175572979e+00,2.738725972499039596e+00,1.327012451450447800e-06
4.039039039039039380e+00,2.740789922505513232e+00,2.740793588285779681e+00,1.337488631802201033e-06
4.054054054054054390e+00,2.743032795059388906e+00,2.743036493355041294e+00,1.348248797034578793e-06
4.069069069069069400e+00,2.745442814843131352e+00,2.745446546508294450e+00,1.359219748002044000e-06
4.084084084084084409e+00,2.748009901757864970e+00,2.748013666987573433e+00,1.370164112972152282e-06
4.099099099099099419e+00,2.750721791252040749e+00,2.750725590439735857e+00,1.381158378106660089e-06
4.114114114114114429e+00,2.753563779860377370e+00,2.753567278580831168e+00,1.270613752935651518e-06
4.129129129129129439e+00,2.756518460848344176e+00,2.756521993785860491e+00,1.281664911174138993e-06
4.144144144144144448e+00,2.759565461167520439e+00,2.759569027117140916e+00,1.292212510517188525e-06
4.159159159159159458e+00,2.762681183436698440e+00,2.762684781193888384e+00,1.302268436281371075e-06
4.174174174174174468e+00,2.765838570817471975e+00,2.765842198272864483e+00,1.311519288689969261e-06
4.189189189189189477e+00,2.769006901913106056e+00,2.769010556264469347e+00,1.319731828043767344e-06
4.204204204204204487e+00,2.772151636759278226e+00,2.772155762112914257e+00,1.488139192036787558e-06
4.219219219219219497e+00,2.775234331112133024e+00,2.775238506948738415e+00,1.504676659298154434e-06
4.234234234234234506e+00,2.778212640271117362e+00,2.778216863542623205e+00,1.520137452645778952e-06
4.249249249249249516e+00,2.781040434403955430e+00,2.781044701010792597e+00,1.534174130899761627e-06
4.264264264264264526e+00,2.783668047100050558e+00,2.783672351670001266e+00,1.546363726365224355e-06
4.279279279279279535e+00,2.786042675745922459e+00,2.786047011480442759e+00,1.556231643771144444e-06
4.294294294294294545e+00,2.788108948307688184e+00,2.788113307034563615e+00,1.563324870776775941e-06
4.309309309309309555e+00,2.789809664391885491e+00,2.789814036397189057e+00,1.567131445510865507e-06
4.324324324324324564e+00,2.791086707208944695e+00,2.791091081422655051e+00,1.567205649242663778e-06
4.339339339339339574e+00,2.791882113545393285e+00,2.791886477400328026e+00,1.563048845311487846e-06
4.354354354354354584e+00,2.792139273751003348e+00,2.792143612810065623e+00,1.554024313924179295e-06
4.369369369369369593e+00,2.791804218872946830e+00,2.791808518826324192e+00,1.540203544894311606e-06
4.384384384384384603e+00,2.790826951269942402e+00,2.790831196495043631e+00,1.521132882046313209e-06
4.399399399399399613e+00,2.789162746296229844e+00,2.789166920820095985e+00,1.496692017598272025e-06
4.414414414414414622e+00,2.786773372444656616e+00,2.786777456725780588e+00,1.465592853177238054e-06
4.429429429429429632e+00,2.783628141798421662e+00,2.783632122986617663e+00,1.430213483716042454e-06
4.444444444444444642e+00,2.779704784323166589e+00,2.779708646974488939e+00,1.389588555100817981e-06
4.459459459459459651e+00,2.774990034090571100e+00,2.774993764999249990e+00,1.344474616825124900e-06
4.474474474474474661e+00,2.769479950490690179e+00,2.769483538870606942e+00,1.295685591338400751e-06
4.489489489489489671e+00,2.763179939721787104e+00,2.763183377365075355e+00,1.244088002414484108e-06
4.504504504504504681e+00,2.756104487864856623e+00,2.756107769594789758e+00,1.190711760018755829e-06
4.519519519519519690e+00,2.748276630300831691e+00,2.748279753977953099e+00,1.136593578905840166e-06
4.534534534534534700e+00,2.739727193256650040e+00,2.739730015116715656e+00,1.029977424799577438e-06
4.549549549549549710e+00,2.730493856346234427e+00,2.730496531183700171e+00,9.796157714158074598e-07
4.564564564564564719e+00,2.720620086112734981e+00,2.720622623207954671e+00,9.325421313664558995e-07
4.579579579579579729e+00,2.710153995032830831e+00,2.710156881013414676e+00,1.064875839499450315e-06
4.594594594594594739e+00,2.699147176218359867e+00,2.699149939785301378e+00,1.023865662583494113e-06
4.609609609609609748e+00,2.687653558662085551e+00,2.687656212245129517e+00,9.873223486976042884e-07
4.624624624624624758e+00,2.675728321314405189e+00,2.675730877999637158e+00,9.555091107968727267e-07
4.639639639639639768e+00,2.663426894788314403e+00,2.663429368036654754e+00,9.285954303996704143e-07
4.654654654654654777e+00,2.650804072994044969e+00,2.650806476137482104e+00,9.065706828349306298e-07
4.669669669669669787e+00,2.637913246801566913e+00,2.637915592671557619e+00,8.892892544486264326e-07
4.684684684684684797e+00,2.624805765953868164e+00,2.624808066618822711e+00,8.765078802543203628e-07
4.699699699699699806e+00,2.611530429060230141e+00,2.611532695559285688e+00,8.678807887037621546e-07
4.714714714714714816e+00,2.598133096141337806e+00,2.598135634444504571e+00,9.769709991713137538e-07
4.729729729729729826e+00,2.584656415507044169e+00,2.584658924805616653e+00,9.708432120004607147e-07
4.744744744744744835e+00,2.571139653230739786e+00,2.571142140656425656e+00,9.674399740637640027e-07
4.759759759759759845e+00,2.557618612279843884e+00,2.557621084115296206e+00,9.664588189682341375e-07
4.774774774774774855e+00,2.544125628716342291e+00,2.544128090232848027e+00,9.675285278230391367e-07
4.789789789789789864e+00,2.530689630118781785e+00,2.530692086033947685e+00,9.704519879969625097e-07
4.804804804804804874e+00,2.517336246069732830e+00,2.517338700015204989e+00,9.748173625359029783e-07
4.819819819819819884e+00,2.504087955122900500e+00,2.504090410360609198e+00,9.804908395239621799e-07
4.834834834834834894e+00,2.490964686166837971e+00,2.490966721350631019e+00,8.170256854913656875e-07
4.849849849849849903e+00,2.477982285469660706e+00,2.477984729889075144e+00,9.864545914886981205e-07
4.864864864864864913e+00,2.465155351804195316e+00,2.465157850256916916e+00,1.013506182307753005e-06
4.879879879879879923e+00,2.452495683108602886e+00,2.452498244108767267e+00,1.044241385506559988e-06
4.894894894894894932e+00,2.440012926196131193e+00,2.440015554671438824e+00,1.077237111295810883e-06
4.909909909909909942e+00,2.427714782432786045e+00,2.427717481197544824e+00,1.111646960439670625e-06
4.924924924924924952e+00,2.415607207269792500e+00,2.415609977175502188e+00,1.146669261950249579e-06
4.939939939939939961e+00,2.403694597394161470e+00,2.403697438500977945e+00,1.181973559137943109e-06
4.954954954954954971e+00,2.391979968061905382e+00,2.391982880098093123e+00,1.217415146224471222e-06
4.969969969969969981e+00,2.380465166724786030e+00,2.380468100075975535e+00,1.232258138393470329e-06
4.984984984984984990e+00,2.369150884883229224e+00,2.369153501330851341e+00,1.104380792822040983e-06
5.000000000000000000e+00,2.358036919701496092e+00,2.358039936656258995e+00,1.279433276766421233e-06
5.015015015015015010e+00,2.347122274912462725e+00,2.347125297199558869e+00,1.287654774864311174e-06
5.030030030030030019e+00,2.336405266159781391e+00,2.336408293792400226e+00,1.295849114591442888e-06
5.045045045045045029e+00,2.325883622929813654e+00,2.325886655747206877e+00,1.303940321308681002e-06
5.060060060060060039e+00,2.315554579094042165e+00,2.315557616963706433e+00,1.311938706259439308e-06
5.075075075075075048e+00,2.305414953878694106e+00,2.305417996718049256e+00,1.319864492895139128e-06
5.090090090090090058e+00,2.295461223466868095e+00,2.295464271122475530e+00,1.327685926448847832e-06
5.105105105105105068e+00,2.285689583729573648e+00,2.285692636050368876e+00,1.335402996485762406e-06
5.120120120120120077e+00,2.276096005494831154e+00,2.276099062308281962e+00,1.343005452367243813e-06
5.135135135135135087e+00,2.266676282608076409e+00,2.266679343800527491e+00,1.350518528107647200e-06
5.150150150150150097e+00,2.257426074049976084e+00,2.257429139396814666e+00,1.357892828211313736e-06
5.165165165165165106e+00,2.248340939699577934e+00,2.248344009163625756e+00,1.365211033236949389e-06
5.180180180180180116e+00,2.239416372142095657e+00,2.239419445575670409e+00,1.372424259699904801e-06
5.195195195195195126e+00,2.230647823037988697e+00,2.230650900269500969e+00,1.379521785278015295e-06
5.210210210210210136e+00,2.222030725967634179e+00,2.222033806859347482e+00,1.386518829638114591e-06
5.225225225225225145e+00,2.213560515704533938e+00,2.213563600276330146e+00,1.393486862461490514e-06
5.240240240240240155e+00,2.205232645005255510e+00,2.205235733062280712e+00,1.400329669478969931e-06
5.255255255255255165e+00,2.197042597499820005e+00,2.197045688991020818e+00,1.407112840804241938e-06
5.270270270270270174e+00,2.188985899601438412e+00,2.188988994362432106e+00,1.413785542852924469e-06
5.285285285285285184e+00,2.181058129244076937e+00,2.181061227271900549e+00,1.420422216888662606e-06
5.300300300300300194e+00,2.173254923892186330e+00,2.173258025124585657e+00,1.426996869895177272e-06
5.315315315315315203e+00,2.165571986216460854e+00,2.165575090636765676e+00,1.433531590867012281e-06
5.330330330330330213e+00,2.158005089096403317e+00,2.158008196535807333e+00,1.439957183204241438e-06
5.345345345345345223e+00,2.150550078650294239e+00,2.150553189146767075e+00,1.446370398339121514e-06
5.360360360360360232e+00,2.143202877573394893e+00,2.143205991032425040e+00,1.452711052121706717e-06
5.375375375375375242e+00,2.135959486384924499e+00,2.135962602831404045e+00,1.459036068990211265e-06
5.390390390390390252e+00,2.128815985144615563e+00,2.128819104424489961e+00,1.465263003283964110e-06
5.405405405405405261e+00,2.121768533242562427e+00,2.121771655539783641e+00,1.471551951908715053e-06
5.420420420420420271e+00,2.114813370769565992e+00,2.114816225854756482e+00,1.350039381949440305e-06
5.435435435435435281e+00,2.107946816922113165e+00,2.107949672472434255e+00,1.354657731339953295e-06
5.450450450450450290e+00,2.101165270696665477e+00,2.101168376661506354e+00,1.478208446013306279e-06
5.465465465465465300e+00,2.094465208956232782e+00,2.094468315982486839e+00,1.483443903327424369e-06
5.480480480480480310e+00,2.087843186757505798e+00,2.087846294714300832e+00,1.488594635966520652e-06
5.495495495495495319e+00,2.081295835128602167e+00,2.081298944074125412e+00,1.493752510708031338e-06
5.510510510510510329e+00,2.074819860747264322e+00,2.074822970628524388e+00,1.498865832936092422e-06
5.525525525525525339e+00,2.068412044230765634e+00,2.068415155116772208e+00,1.503994978415564437e-06
5.540540540540540349e+00,2.062069239278419452e+00,2.062072351269173875e+00,1.509156918042982567e-06
5.555555555555555358e+00,2.055788371673603621e+00,2.055791484647578660e+00,1.514245972067892387e-06
5.570570570570570368e+00,2.049566437674873232e+00,2.049569551536010614e+00,1.519275662076962919e-06
5.585585585585585378e+00,2.043400502878830682e+00,2.043403617900770186e+00,1.524428121891979916e-06
5.600600600600600387e+00,2.037287702596802585e+00,2.037290818444213780e+00,1.529407280976301889e-06
5.615615615615615397e+00,2.031225239076718481e+00,2.031228355763589288e+00,1.534385270845652083e-06
5.630630630630630407e+00,2.025210381929758885e+00,2.025213499634575864e+00,1.539445010386328804e-06
5.645645645645645416e+00,2.019240468000485400e+00,2.019243586429496862e+00,1.544355040877345451e-06
5.660660660660660426e+00,2.013312899370218290e+00,2.013316018682691944e+00,1.549340711894247742e-06
5.675675675675675436e+00,2.007425144892279079e+00,2.007428264810954044e+00,1.554186881621454982e-06
5.690690690690690445e+00,2.001574738530741637e+00,2.001577858998825121e+00,1.559004097419832896e-06
5.705705705705705455e+00,1.995759280220994247e+00,1.995762401254965290e+00,1.563830428452037144e-06
5.720720720720720465e+00,1.989976436160003193e+00,1.989979557644408148e+00,1.568601241638077178e-06
5.735735735735735474e+00,1.984223938790394604e+00,1.984227060701737599e+00,1.573363958604514668e-06
5.750750750750750484e+00,1.978499587893256084e+00,1.978502710028462008e+00,1.578029279464149684e-06
5.765765765765765494e+00,1.972801250833433828e+00,1.972804373078135054e+00,1.582642832626231196e-06
5.780780780780780503e+00,1.967126863964042238e+00,1.967129986127936547e+00,1.587167048607038790e-06
5.795795795795795513e+00,1.961474433442739640e+00,1.961477282470989181e+00,1.452491076497056606e-06
5.810810810810810523e+00,1.955842036839155806e+00,1.955844884342740064e+00,1.455894384597270529e-06
5.825825825825825532e+00,1.950227825019531291e+00,1.950230670524038423e+00,1.459060484556542944e-06
5.840840840840840542e+00,1.944630022613786924e+00,1.944632866072683486e+00,1.462208597916257676e-06
5.855855855855855552e+00,1.939046931198035395e+00,1.939049772538691263e+00,1.465326314005875579e-06
5.870870870870870561e+00,1.933476931222478212e+00,1.933479770041940604e+00,1.468243684975437048e-06
5.885885885885885571e+00,1.927918483344708056e+00,1.927921319521375798e+00,1.471106024412945951e-06
5.900900900900900581e+00,1.922370132006878896e+00,1.922372965150250357e+00,1.473774040117026957e-06
5.915915915915915591e+00,1.916830506889912744e+00,1.916833336907739715e+00,1.476402654566079376e-06
5.930930930930930600e+00,1.911298326826063265e+00,1.911301153302171763e+00,1.478823001604933603e-06
5.945945945945945610e+00,1.905772401354229206e+00,1.905775224231218035e+00,1.481222419588891410e-06
5.960960960960960620e+00,1.900251635114401205e+00,1.900254453974617563e+00,1.483411976991890075e-06
5.975975975975975629e+00,1.894735029663109582e+00,1.894737844302351704e+00,1.485503258714764061e-06
5.990990990990990639e+00,1.889221687718202869e+00,1.889224497689963478e+00,1.487367840108364694e-06
6.006006006006005649e+00,1.883710815514367365e+00,1.883713620623826746e+00,1.489137960605525977e-06
6.021021021021020658e+00,1.878201727201643578e+00,1.878204526985262302e+00,1.490670253690219367e-06
6.036036036036035668e+00,1.872693847259121025e+00,1.872696641494865810e+00,1.492092036089056187e-06
6.051051051051050678e+00,1.867186714893143140e+00,1.867189503202199452e+00,1.493318729314825235e-06
6.066066066066065687e+00,1.861679986818538968e+00,1.861682769004091353e+00,1.494446636509437819e-06
6.081081081081080697e+00,1.856173441645497579e+00,1.856176217171839227e+00,1.495292481376728959e-06
6.096096096096095707e+00,1.850666982201828681e+00,1.850669750870474362e+00,1.496036040130036316e-06
6.111111111111110716e+00,1.845160640478413772e+00,1.845163401649432267e+00,1.496437126395777602e-06
6.126126126126125726e+00,1.839654579387270505e+00,1.839657332886489138e+00,1.496745708785093028e-06
6.141141141141140736e+00,1.834149097731157196e+00,1.834151843165042983e+00,1.496841112701599149e-06
6.156156156156155745e+00,1.828644632581115426e+00,1.828647369563710878e+00,1.496725197546225320e-06
6.171171171171170755e+00,1.823141762343652328e+00,1.823144751479247372e+00,1.639549241835400789e-06
6.186186186186185765e+00,1.817641211536887402e+00,1.817644199065392874e+00,1.643626682828028111e-06
6.201201201201200774e+00,1.812143850205839124e+00,1.812146836204901579e+00,1.647768824687642429e-06
6.216216216216215784e+00,1.806650700358771289e+00,1.806653684441886787e+00,1.651718390301228851e-06
6.231231231231230794e+00,1.801162936468549081e+00,1.801165918295236645e+00,1.655498062270121380e-06
6.246246246246245803e+00,1.795681888652400415e+00,1.795684867634718129e+00,1.658967211567534183e-06
6.261261261261260813e+00,1.790209043847936776e+00,1.790212019846229907e+00,1.662371976134213585e-06
6.276276276276275823e+00,1.784746049172120985e+00,1.784749021774225008e+00,1.665557491701666262e-06
6.291291291291290833e+00,1.779294712712266247e+00,1.779297681427488120e+00,1.668475855873694124e-06
6.306306306306305842e+00,1.773857004952507976e+00,1.773859969443561946e+00,1.671209173799315040e-06
6.321321321321320852e+00,1.768435060333417352e+00,1.768438020298161550e+00,1.673773527951498759e-06
6.336336336336335862e+00,1.763031178333342774e+00,1.763034133260372505e+00,1.676046409983951191e-06
6.351351351351350871e+00,1.757647823537037635e+00,1.757650773088383245e+00,1.678121382683696757e-06
6.366366366366365881e+00,1.752287626578685975e+00,1.752290570466233266e+00,1.680022478525140331e-06
6.381381381381380891e+00,1.746953384491724881e+00,1.746956322185195587e+00,1.681606708421477987e-06
6.396396396396395900e+00,1.741648059875540611e+00,1.741650991075196497e+00,1.683000595932927339e-06
6.411411411411410910e+00,1.736374781382271193e+00,1.736377705694205797e+00,1.684145059576985476e-06
6.426426426426425920e+00,1.731136842690970790e+00,1.731139759788667742e+00,1.685073478590150834e-06
6.441441441441440929e+00,1.725937702007712238e+00,1.725940611538237413e+00,1.685765144944137652e-06
6.456456456456455939e+00,1.720780981038182000e+00,1.720783882601940151e+00,1.686187200779398843e-06
6.471471471471470949e+00,1.715670463667584356e+00,1.715673356987901688e+00,1.686405110592639063e-06
6.486486486486485958e+00,1.710610095150131071e+00,1.710612979767027975e+00,1.686305979799175204e-06
6.501501501501500968e+00,1.705603979916725077e+00,1.705606855657317844e+00,1.686051262768172762e-06
6.516516516516515978e+00,1.700656380954802760e+00,1.700659247508673477e+00,1.685554513590298599e-06
6.531531531531530987e+00,1.695771717829530179e+00,1.695774574715317895e+00,1.684708469105385147e-06
6.546546546546545997e+00,1.690954564466227161e+00,1.690957072905013403e+00,1.483443208840492679e-06
6.561561561561561007e+00,1.686209648818305373e+00,1.686212143508842409e+00,1.479464222007550032e-06
6.576576576576576016e+00,1.681541849973163805e+00,1.681544330762497319e+00,1.475304152338018141e-06
6.591591591591591026e+00,1.676956197448406183e+00,1.676958664153732625e+00,1.470939850319728997e-06
6.606606606606606036e+00,1.672457869465672875e+00,1.672460321939227557e+00,1.466386689424076518e-06
6.621621621621621046e+00,1.668052191767527725e+00,1.668054629888291007e+00,1.461655223753096791e-06
6.636636636636636055e+00,1.663744636750110528e+00,1.663747060222516838e+00,1.456635124563818263e-06
6.651651651651651065e+00,1.659540821953362943e+00,1.659543230794047419e+00,1.451508246231832543e-06
6.666666666666666075e+00,1.655446510563176377e+00,1.655448904547067945e+00,1.446123697924550331e-06
6.681681681681681084e+00,1.651467610158258381e+00,1.651469989305604624e+00,1.440624026866802628e-06
6.696696696696696094e+00,1.647610173851982607e+00,1.647612537936558708e+00,1.434854689235104241e-06
6.711711711711711104e+00,1.643880399934196657e+00,1.643882748929185400e+00,1.428930980797464929e-06
6.726726726726726113e+00,1.640284633542873793e+00,1.640286967441251020e+00,1.422859794385682282e-06
6.741741741741741123e+00,1.636829368130379825e+00,1.636831686855428458e+00,1.416593451393879194e-06
6.756756756756756133e+00,1.707865848828697297e+00,1.707853192248333762e+00,7.410812838586439485e-06
6.771771771771771142e+00,1.944764049314748444e+00,1.944559418369457671e+00,1.052325495213510422e-04
6.786786786786786152e+00,2.174458827490907797e+00,2.174480660687526434e+00,1.004064879185161679e-05
6.801801801801801162e+00,2.397320896672141988e+00,2.397334167730501342e+00,5.535756565768077082e-06
6.816816816816816171e+00,2.612854367922764709e+00,2.612862907400814283e+00,3.268245733592191742e-06
6.831831831831831181e+00,2.820757963762142051e+00,2.820766192097993841e+00,2.917057030405582426e-06
6.846846846846846191e+00,3.020702707435262369e+00,3.020708529036541190e+00,1.927230390771360577e-06
6.861861861861861200e+00,3.212327649413081243e+00,3.212325221906390915e+00,7.556852194707865042e-07
6.876876876876876210e+00,3.395234630326721792e+00,3.395238858385691394e+00,1.245290580708148438e-06
6.891891891891891220e+00,3.568981781376891593e+00,3.568991166365041323e+00,2.629591308091786195e-06
6.906906906906906229e+00,3.733075342027861065e+00,3.733086720831815697e+00,3.048095264204301233e-06
6.921921921921921239e+00,3.886959203151290509e+00,3.886958728591714873e+00,1.220902018190641224e-07
6.936936936936936249e+00,4.030001320329765768e+00,4.029997453805846952e+00,9.594358217682719081e-07
6.951951951951951258e+00,4.161475696838696336e+00,4.161476128809013630e+00,1.038021855522559671e-07
6.966966966966966268e+00,4.280537925258040666e+00,4.280538978378237935e+00,2.460251390278561962e-07
6.981981981981981278e+00,4.386191110325326825e+00,4.386183166161539582e+00,1.811179215799972228e-06
6.996996996996996288e+00,4.477236766977370941e+00,4.477226409071075608e+00,2.313464933188846120e-06
7.012012012012011297e+00,4.552201311510723158e+00,4.552193978793986240e+00,1.610809374793219265e-06
7.027027027027026307e+00,4.609220415499331480e+00,4.609216095195596274e+00,9.373185474443282336e-07
7.042042042042041317e+00,4.645845398302109963e+00,4.645847536299471336e+00,4.601953345796381120e-07
7.057057057057056326e+00,4.658690852907101387e+00,4.658682087750729117e+00,1.881466948628401533e-06
7.072072072072071336e+00,4.642713554317608349e+00,4.642694523943201368e+00,4.098993442027647775e-06
7.087087087087086346e+00,4.589445087616381258e+00,4.589412965006556711e+00,6.999285108896627393e-06
7.102102102102101355e+00,4.480969910643238130e+00,4.480921624545277204e+00,1.077593004448626188e-05
7.117117117117116365e+00,4.224731178258644526e+00,4.224744042533990829e+00,3.044983368646085691e-06
7.132132132132131375e+00,4.009797960460024235e+00,4.009799987375024521e+00,5.054903004309116388e-07
7.147147147147146384e+00,3.875887217804926621e+00,3.875884983350878166e+00,5.765016397683609741e-07
7.162162162162161394e+00,3.774338030514305053e+00,3.774337010086415756e+00,2.703595059399397011e-07
7.177177177177176404e+00,3.692571582067303293e+00,3.692571541238472754e+00,1.105701814648994444e-08
7.192192192192191413e+00,3.624685851521281421e+00,3.624686292583129354e+00,1.216827643362848742e-07
7.207207207207206423e+00,3.567301722776259343e+00,3.567302624892358054e+00,2.528846564393366408e-07
7.222222222222221433e+00,3.518263217267151077e+00,3.518264360971167015e+00,3.250762019549269783e-07
7.237237237237236442e+00,3.476096761418020709e+00,3.476098507201333287e+00,5.022249251458837746e-07
7.252252252252251452e+00,3.439746283316066577e+00,3.439748167505594978e+00,5.477696147060921343e-07
7.267267267267266462e+00,3.408428546474816745e+00,3.408430526504150126e+00,5.809211359846631265e-07
7.282282282282281471e+00,3.381547765991633092e+00,3.381549809480832280e+00,6.043055150212387945e-07
7.297297297297296481e+00,3.358642157025701014e+00,3.358644239120889718e+00,6.199213255315165068e-07
7.312312312312311491e+00,3.339348905625638686e+00,3.339351411579159379e+00,7.504312100857264830e-07
7.327327327327326500e+00,3.323380352195748344e+00,3.323382849054431265e+00,7.513003455594800765e-07
7.342342342342341510e+00,3.310507322017790521e+00,3.310510079019702179e+00,8.328027542129677243e-07
7.357357357357356520e+00,3.300547174710344311e+00,3.300549917892637630e+00,8.311288608142954933e-07
7.372372372372371530e+00,3.293355056754556642e+00,3.293357335789118601e+00,6.920094996045270404e-07
7.387387387387386539e+00,3.288817429055601149e+00,3.288820050101930459e+00,7.969564431561016326e-07
7.402402402402401549e+00,3.286847207199760312e+00,3.286849810814973516e+00,7.921308739561967306e-07
7.417417417417416559e+00,3.287380107504814575e+00,3.287382683842557718e+00,7.837048469610210423e-07
7.432432432432431568e+00,3.290371878292436492e+00,3.290374423476809973e+00,7.735242394669461080e-07
7.447447447447446578e+00,3.295796265561586669e+00,3.295798770604632555e+00,7.600716003139367045e-07
7.462462462462461588e+00,3.303643493854230062e+00,3.303645375725434707e+00,5.696347490783882086e-07
7.477477477477476597e+00,3.313919241211254363e+00,3.313920844235748397e+00,4.837244368171643860e-07
7.492492492492491607e+00,3.326643963871531273e+00,3.326645656823913111e+00,5.089067356377157374e-07
7.507507507507506617e+00,3.341852599864077789e+00,3.341854263940417624e+00,4.979500027249970354e-07
7.522522522522521626e+00,3.359594546057815823e+00,3.359596175701478060e+00,4.850712933965479707e-07
7.537537537537536636e+00,3.379933968523723298e+00,3.379935558409249197e+00,4.703893013413442963e-07
7.552552552552551646e+00,3.402950412493477295e+00,3.402951951236458328e+00,4.521788738374871022e-07
7.567567567567566655e+00,3.428739718305002349e+00,3.428741198191563644e+00,4.316122086075837747e-07
7.582582582582581665e+00,3.457415331197926101e+00,3.457416741872643140e+00,4.080140817144939359e-07
7.597597597597596675e+00,3.489110009054654071e+00,3.489111334657048147e+00,3.799255073658540657e-07
7.612612612612611684e+00,3.523978022860648540e+00,3.523979635044883985e+00,4.574896572646818899e-07
7.627627627627626694e+00,3.562197986270134287e+00,3.562199572295863259e+00,4.452377517832804596e-07
7.642642642642641704e+00,3.603976451341072362e+00,3.603978004880594721e+00,4.310624316393894648e-07
7.657657657657656713e+00,3.649552504904406192e+00,3.649554015359097292e+00,4.138737732730414556e-07
7.672672672672671723e+00,3.699203684130141667e+00,3.699205140491554467e+00,3.936957690878004073e-07
7.687687687687686733e+00,3.753253704953953385e+00,3.753253536507182631e+00,4.488020036900419238e-08
7.702702702702701743e+00,3.812082702412955548e+00,3.812082212299990669e+00,1.285683092819827204e-07
7.717717717717716752e+00,3.876141054955884346e+00,3.876140179087558479e+00,2.259640480992938208e-07
7.732732732732731762e+00,3.945968572440552879e+00,3.945967113394740267e+00,3.697562018852425839e-07
7.747747747747746772e+00,4.022221918093544346e+00,4.022220242371663979e+00,4.166161421781075919e-07
7.762762762762761781e+00,4.105715300415700320e+00,4.105712698725944243e+00,6.336755508693754510e-07
7.777777777777776791e+00,4.197483828646053183e+00,4.197480320553663269e+00,8.357614859410995040e-07
7.792792792792791801e+00,4.298888358092646911e+00,4.298887757355482009e+00,1.397424633555668225e-07
7.807807807807806810e+00,4.411803519376748639e+00,4.411802731468350558e+00,1.785910309318924837e-07
7.822822822822823596e+00,4.538995658691114876e+00,4.538995879505224984e+00,4.864822880869211321e-08
7.837837837837838606e+00,4.685018878617933424e+00,4.685020704674642822e+00,3.897649177036707281e-07
7.852852852852853616e+00,4.859092768381308325e+00,4.859088916354123988e+00,7.927467989672032914e-07
7.867867867867868625e+00,5.096517290089058960e+00,5.096490305451785829e+00,5.294749063736075962e-06
7.882882882882883635e+00,5.361897666735891299e+00,5.362073402802844058e+00,3.277390176361599485e-05
7.897897897897898645e+00,5.544217417515347357e+00,5.544126937792213994e+00,1.631992271255500100e-05
7.912912912912913654e+00,5.702199907064509965e+00,5.701720062066356398e+00,8.415793706639230988e-05
7.927927927927928664e+00,5.848269770073225793e+00,5.847791845577201109e+00,8.172734403775809250e-05
7.942942942942943674e+00,5.991981178490623172e+00,5.989880841740278683e+00,3.506475013172824376e-04
7.957957957957958683e+00,6.134478110282714169e+00,6.134466239146570743e+00,1.935153879839106204e-06
7.972972972972973693e+00,6.288733185054158348e+00,6.288722512463478687e+00,1.697099952893362534e-06
7.987987987987988703e+00,6.463158828440179526e+00,6.463141415308034432e+00,2.694221126564102928e-06
8.003003003003003712e+00,6.679512458810217268e+00,6.679513797455356006e+00,2.004105656982964406e-07
8.018018018018018722e+00,7.046842002697001561e+00,7.046797194624609517e+00,6.358643672365694206e-06
8.033033033033033732e+00,7.297252858414593923e+00,7.297247207942279879e+00,7.743292988477872505e-07
8.048048048048048742e+00,7.441480212855813292e+00,7.441479509261534453e+00,9.455032133911905973e-08
8.063063063063063751e+00,7.529671831509674007e+00,7.529667605020579302e+00,5.613115102036024344e-07
8.078078078078078761e+00,7.577941615844228096e+00,7.577925867051453324e+00,2.078245822283317542e-06
8.093093093093093771e+00,7.594808357952796740e+00,7.594788440915734462e+00,2.622461075410366526e-06
8.108108108108108780e+00,7.585704060355980438e+00,7.585695515741916140e+00,1.126411420886424058e-06
8.123123123123123790e+00,7.554476908060268059e+00,7.554479164605591990e+00,2.987029647925102303e-07
8.138138138138138800e+00,7.504046533384782336e+00,7.504042670568102480e+00,5.147647540713620742e-07
8.153153153153153809e+00,7.436738405847528988e+00,7.436780214831428815e+00,5.621920063799372046e-06
8.168168168168168819e+00,7.354473749111511971e+00,7.354468454711463821e+00,7.198888785441134008e-07
8.183183183183183829e+00,7.258886713785297928e+00,7.258884550756838472e+00,2.979835874688155449e-07
8.198198198198198838e+00,7.151400502826264827e+00,7.151410972103053432e+00,1.463945622681258201e-06
8.213213213213213848e+00,7.033280155201505401e+00,7.033286672841674303e+00,9.266848448064486665e-07
8.228228228228228858e+00,6.905967247176409529e+00,6.905693298620400711e+00,3.966995697065594660e-05
8.243243243243243867e+00,6.770153891245675126e+00,6.769648459336639945e+00,7.466147054328851928e-05
8.258258258258258877e+00,6.626101952587104549e+00,6.626106654673312057e+00,7.096303232898231649e-07
8.273273273273273887e+00,6.476060907667291033e+00,6.476041857417519587e+00,2.941650191718025579e-06
8.288288288288288896e+00,6.320359289131252112e+00,6.320335341769728110e+00,3.788938439031650280e-06
8.303303303303303906e+00,6.159870804006979839e+00,6.159835978822256308e+00,5.653589615577529599e-06
8.318318318318318916e+00,5.995433327374280807e+00,5.995391979504824498e+00,6.896608194703004351e-06
8.333333333333333925e+00,5.827883057017460011e+00,5.827855556273774162e+00,4.718844422326802279e-06
8.348348348348348935e+00,5.658056144863180315e+00,5.658019242573451457e+00,6.522121637761164368e-06
8.363363363363363945e+00,5.486799527267861798e+00,5.486755670958769038e+00,7.993122297187440408e-06
8.378378378378378954e+00,5.314976638954619581e+00,5.314937193163349782e+00,7.421685306185407339e-06
8.393393393393393964e+00,5.143473746825952375e+00,5.143435807761490786e+00,7.376210354242037831e-06
8.408408408408408974e+00,4.973179390755432472e+00,4.973161582911568068e+00,3.580789316316137556e-06
8.423423423423423984e+00,4.805084015774653494e+00,4.805029680489472987e+00,1.130800198823575722e-05
8.438438438438438993e+00,4.640058840619021296e+00,4.640036395506789368e+00,4.837270727803535741e-06
8.453453453453454003e+00,4.479136381823344060e+00,4.479111640048102139e+00,5.523813030401559257e-06
8.468468468468469013e+00,4.323183718635131179e+00,4.323161387923411425e+00,5.165366202181010653e-06
8.483483483483484022e+00,4.173098403398493694e+00,4.173074443484223295e+00,5.741549688338320032e-06
8.498498498498499032e+00,4.029658252728069989e+00,4.029647458982102748e+00,2.678583195455983025e-06
8.513513513513514042e+00,3.893498367440506591e+00,3.893485303650025209e+00,3.355294668541701726e-06
8.528528528528529051e+00,3.765069503631677694e+00,3.765057156245469105e+00,3.279468463873637147e-06
8.543543543543544061e+00,3.644610565996057261e+00,3.644603632875246468e+00,1.902297618389570804e-06
8.558558558558559071e+00,3.532143345599256357e+00,3.532136453772372953e+00,1.951177983524215054e-06
8.573573573573574080e+00,3.427491659968237681e+00,3.427479296665344677e+00,3.607112347850552530e-06
8.588588588588589090e+00,3.331408800265820869e+00,3.330305089390876105e+00,3.314143435268976107e-04
8.603603603603604100e+00,3.240240160850249129e+00,3.240163336253717663e+00,2.371009994215012495e-05
8.618618618618619109e+00,3.156544297206821614e+00,3.156537283839831787e+00,2.221854633472292368e-06
8.633633633633634119e+00,3.078908754727993635e+00,3.078902875770809899e+00,1.909432489735184677e-06
8.648648648648649129e+00,3.006715482816119334e+00,3.006713416242887682e+00,6.873196562357911151e-07
8.663663663663664138e+00,2.939466298075623207e+00,2.939464057829352495e+00,7.621274581486263827e-07
8.678678678678679148e+00,2.876694854676429269e+00,2.876691932004448837e+00,1.015983653972835960e-06
8.693693693693694158e+00,2.817976363242550519e+00,2.817972329159349254e+00,1.431555292265322493e-06
8.708708708708709167e+00,2.762929042494584930e+00,2.762923316171641108e+00,2.072559491718549886e-06
8.723723723723724177e+00,2.711212303381627997e+00,2.711206350989503022e+00,2.195477346385848254e-06
8.738738738738739187e+00,2.662523568464874923e+00,2.662517675703170106e+00,2.213229139694404572e-06
8.753753753753754197e+00,2.616594531931308421e+00,2.616588914462832705e+00,2.146867031602175716e-06
8.768768768768769206e+00,2.573187313268504361e+00,2.573180797424783339e+00,2.532213720677228129e-06
8.783783783783784216e+00,2.532090815145018325e+00,2.532084267090805696e+00,2.586033291914399228e-06
8.798798798798799226e+00,2.493117365942651098e+00,2.493111180937167770e+00,2.480838211556588997e-06
8.813813813813814235e+00,2.456099739614599820e+00,2.456093779431131718e+00,2.426692139370016136e-06
8.828828828828829245e+00,2.420888523266283343e+00,2.420882864683143509e+00,2.337404763519740553e-06
8.843843843843844255e+00,2.387349840789112942e+00,2.387344470189234791e+00,2.249612464901635579e-06
8.858858858858859264e+00,2.355363372257431198e+00,2.355366213047055624e+00,1.206092542505449155e-06
8.873873873873874274e+00,2.324820660780267279e+00,2.324822987235362515e+00,1.000702035384978464e-06
8.888888888888889284e+00,2.295623649656556520e+00,2.295625668883094495e+00,8.795974732924308790e-07
8.903903903903904293e+00,2.267683420833677133e+00,2.267685267704014684e+00,8.144297464267336101e-07
8.918918918918919303e+00,2.240919123158944704e+00,2.240920723157409533e+00,7.139915519078456953e-07
8.933933933933934313e+00,2.215257030205853184e+00,2.215258756735877022e+00,7.793807466455155913e-07
8.948948948948949322e+00,2.190629741504861894e+00,2.190631243016809560e+00,6.854243280114983490e-07
8.963963963963964332e+00,2.166975491933053721e+00,2.166976847207078283e+00,6.254215527536599689e-07
8.978978978978979342e+00,2.144237534484521035e+00,2.144239068293321004e+00,7.153161336577382662e-07
8.993993993993994351e+00,2.122363620157396102e+00,2.122365035715803483e+00,6.669721671621303336e-07
9.009009009009009361e+00,2.101305544021195182e+00,2.101306856017477021e+00,6.243715800391093501e-07
9.024024024024024371e+00,2.081018733347938188e+00,2.081019956368276080e+00,5.877023591965211556e-07
9.039039039039039380e+00,2.061461902691407833e+00,2.061464949154083737e+00,1.477814443148424782e-06
9.054054054054054390e+00,2.042596734401014746e+00,2.042599647739725466e+00,1.426289637297852997e-06
9.069069069069069400e+00,2.024387612619046983e+00,2.024390403011050665e+00,1.378386303121986065e-06
9.084084084084084409e+00,2.006801373393349408e+00,2.006804050098790704e+00,1.333815048441802431e-06
9.099099099099099419e+00,1.989807087580096168e+00,1.989808520367187805e+00,7.200627984913460670e-07
9.114114114114114429e+00,1.973375875404533630e+00,1.973377272037085461e+00,7.077372237034880155e-07
9.129129129129129439e+00,1.957480722153042807e+00,1.957482087640042945e+00,6.975731776856642794e-07
9.144144144144144448e+00,1.942096333643509531e+00,1.942097671754463128e+00,6.890029132202233461e-07
9.159159159159159458e+00,1.927198992971981273e+00,1.927200306951223796e+00,6.818073024292252595e-07
9.174174174174174468e+00,1.912766436480277665e+00,1.912769235498386955e+00,1.463332877455190393e-06
9.189189189189189477e+00,1.898777738786802116e+00,1.898779354192913438e+00,8.507603096454783724e-07
9.204204204204204487e+00,1.885203866529063799e+00,1.885214822267668788e+00,5.811400629563971917e-06
9.219219219219219497e+00,1.872046178773663971e+00,1.872055923835654889e+00,5.205539998479955977e-06
9.234234234234234506e+00,1.859276481503461920e+00,1.859286179382534820e+00,5.215915215441125583e-06
9.249249249249249516e+00,1.846878305028614609e+00,1.846887243002999224e+00,4.839480276057477138e-06
9.264264264264264526e+00,1.834836089150745808e+00,1.834844185573460296e+00,4.412594147310153770e-06
9.279279279279279535e+00,1.823135124722478961e+00,1.823142007604013459e+00,3.775285471888956851e-06
9.294294294294294545e+00,1.811761492029191789e+00,1.811767761357119477e+00,3.460337500978659550e-06
9.309309309309309555e+00,1.800702009764712175e+00,1.800707743808911410e+00,3.184328061535416501e-06
9.324324324324324564e+00,1.789944185241030272e+00,1.789949643079341124e+00,3.049157462029085020e-06
9.339339339339339574e+00,1.779476170127063162e+00,1.779481216603874483e+00,2.835925866614292695e-06
9.354354354354354584e+00,1.769286718937857605e+00,1.769291404824191893e+00,2.648453681237226123e-06
9.369369369369369593e+00,1.759365151153483353e+00,1.759369520338044390e+00,2.483380842131273144e-06
9.384384384384384603e+00,1.749701315954921066e+00,1.749705406318857071e+00,2.337744354696922443e-06
9.399399399399399613e+00,1.740285559185390074e+00,1.740289403837284921e+00,2.209202610996290212e-06
9.414414414414414622e+00,1.731108693689109135e+00,1.731112321615448035e+00,2.095719782939905112e-06
9.429429429429429632e+00,1.722161971625583154e+00,1.722165829161983241e+00,2.239933190385106757e-06
9.444444444444444642e+00,1.713437058646441580e+00,1.713440738083317427e+00,2.147396635359191674e-06
9.459459459459459651e+00,1.704926008435493134e+00,1.704929529249935127e+00,2.065079161096980230e-06
9.474474474474474661e+00,1.696621241895285959e+00,1.696624377464865274e+00,1.848122437095262944e-06
9.489489489489489671e+00,1.688515525914370263e+00,1.688518538267901992e+00,1.784021592572179611e-06
9.504504504504504681e+00,1.680601953065824494e+00,1.680604855438342593e+00,1.726980919224919933e-06
9.519519519519519690e+00,1.672873924739948448e+00,1.672876728616683684e+00,1.676080901402808844e-06
9.534534534534534700e+00,1.665325133628341003e+00,1.665327848977068426e+00,1.630519017075349245e-06
9.549549549549549710e+00,1.657949547449559136e+00,1.657952183391754986e+00,1.589878298213324890e-06
9.564564564564564719e+00,1.650741395521186927e+00,1.650744316988156157e+00,1.769787688598830693e-06
9.579579579579579729e+00,1.643695152942509452e+00,1.643698003816701281e+00,1.734426996448820268e-06
9.594594594594594739e+00,1.636805530158867983e+00,1.636808316337591940e+00,1.702202204220883677e-06
9.609609609609609748e+00,1.630067457934106789e+00,1.630070185326172316e+00,1.673174621607543567e-06
9.624624624624624758e+00,1.623476078529156874e+00,1.623478752055901975e+00,1.646788873408375368e-06
9.639639639639639768e+00,1.617026733506278680e+00,1.617029357590509253e+00,1.622780822287396208e-06
9.654654654654654777e+00,1.610714953973873875e+00,1.610717532724716072e+00,1.600995078159232389e-06
9.669669669669669787e+00,1.604536451539717135e+00,1.604538988528941612e+00,1.581132800520775090e-06
9.684684684684684797e+00,1.598487109289946417e+00,1.598489607454228523e+00,1.562827978646646918e-06
9.699699699699699806e+00,1.592562972365838991e+00,1.592565434959943627e+00,1.546306387528226796e-06
9.714714714714714816e+00,1.586760242343785210e+00,1.586762671627767629e+00,1.530968698631591168e-06
9.729729729729729826e+00,1.581075267377997307e+00,1.581077665729464510e+00,1.516909332911681898e-06
9.744744744744744835e+00,1.575504536598573813e+00,1.575506906216642022e+00,1.504035341806335238e-06
9.759759759759759845e+00,1.570044673176961503e+00,1.570046901098366199e+00,1.419015828850384568e-06
9.774774774774774855e+00,1.564692428671609958e+00,1.564694636544433637e+00,1.411056682954134670e-06
9.789789789789789864e+00,1.559444675485874399e+00,1.559446864774491015e+00,1.403887920819264274e-06
9.804804804804804874e+00,1.554298402669794577e+00,1.554300574904213583e+00,1.397563929448189790e-06
9.819819819819819884e+00,1.549250711161203720e+00,1.549252867118825927e+00,1.391611187537714484e-06
9.834834834834834894e+00,1.544298806968505744e+00,1.544300947681998215e+00,1.386202278567759160e-06
9.849849849849849903e+00,1.539439997830478468e+00,1.539442124210815832e+00,1.381266826418675423e-06
9.864864864864864913e+00,1.534671688408043133e+00,1.534673801199746501e+00,1.376704092893481806e-06
9.879879879879879923e+00,1.529991375600705084e+00,1.529993475779042322e+00,1.372671433235606270e-06
9.894894894894894932e+00,1.525396645831585962e+00,1.525398733693025255e+00,1.368731593370329643e-06
9.909909909909909942e+00,1.520885168942449184e+00,1.520887245485078143e+00,1.365349492622634905e-06
9.924924924924924952e+00,1.516454697154359099e+00,1.516456762876103426e+00,1.362202863211657617e-06
9.939939939939939961e+00,1.512103060192389714e+00,1.512105115327079252e+00,1.359121577400104761e-06
9.954954954954954971e+00,1.507828161598637084e+00,1.507830206772467596e+00,1.356368788293039637e-06
9.969969969969969981e+00,1.503627976839836400e+00,1.503630012517366499e+00,1.353842044354253221e-06
9.984984984984984990e+00,1.499500549533079763e+00,1.499502576285983269e+00,1.351616819842718616e-06
1.000000000000000000e+01,1.495443989310539346e+00,1.495446007415290435e+00,1.349500243460663410e-06
