time,microjax,vbmicrolensing,relative_difference
-5.000000000000000000e+00,2.494214612119946661e+00,2.494152055259920786e+00,2.508141389934466430e-05
-4.984984984984984990e+00,2.501727283532195312e+00,2.501663424765893762e+00,2.552652194110639937e-05
-4.969969969969969981e+00,2.509235948052861431e+00,2.509170818577878936e+00,2.595657278503193957e-05
-4.954954954954954971e+00,2.516737502113730152e+00,2.516671139605440644e+00,2.636916172524323806e-05
-4.939939939939939961e+00,2.524228693423065106e+00,2.524161142539244285e+00,2.676171607366838195e-05
-4.924924924924924952e+00,2.531706117996155747e+00,2.531637504138044115e+00,2.710256029920589551e-05
-4.909909909909909942e+00,2.539166217460544051e+00,2.539096531383652877e+00,2.744522550830262288e-05
-4.894894894894894932e+00,2.546605276799980278e+00,2.546534587527730320e+00,2.775900731769962790e-05
-4.879879879879879923e+00,2.554019422505251047e+00,2.553947588053754991e+00,2.812683072748462648e-05
-4.864864864864864913e+00,2.561404621184208974e+00,2.561331946379016955e+00,2.837383311240081088e-05
-4.849849849849849903e+00,2.568756678707346808e+00,2.568683261968055742e+00,2.858146832584399638e-05
-4.834834834834834894e+00,2.576071240024769615e+00,2.575997190814761417e+00,2.874584268656635012e-05
-4.819819819819819884e+00,2.583343789582015937e+00,2.583269229034239167e+00,2.886286374596901789e-05
-4.804804804804804874e+00,2.590569652547414226e+00,2.590494714055180392e+00,2.892825521983959086e-05
-4.789789789789789864e+00,2.597743996798960620e+00,2.597668826627166361e+00,2.893755009250364023e-05
-4.774774774774774855e+00,2.604861835897897659e+00,2.604786593716225784e+00,2.888612136341187821e-05
-4.759759759759759845e+00,2.611918032874025020e+00,2.611842892364656166e+00,2.876915360740737768e-05
-4.744744744744744835e+00,2.618907305296452659e+00,2.618832454590874992e+00,2.858170840461824667e-05
-4.729729729729729826e+00,2.625824231213131910e+00,2.625749873407767332e+00,2.831869330648550370e-05
-4.714714714714714816e+00,2.632663256506100335e+00,2.632589610032086469e+00,2.797491630796524443e-05
-4.699699699699699806e+00,2.639418703378928033e+00,2.639346002359356014e+00,2.754508863446867263e-05
-4.684684684684684797e+00,2.646084780257292213e+00,2.646013274774945412e+00,2.702385624005711651e-05
-4.669669669669669787e+00,2.652655593129411571e+00,2.652585549364103290e+00,2.640584592081194652e-05
-4.654654654654654777e+00,2.659125158271260947e+00,2.659056858583003446e+00,2.568568176232867515e-05
-4.639639639639639768e+00,2.665487416562417611e+00,2.665421159441541121e+00,2.485803064997490989e-05
-4.624624624624624758e+00,2.671736249366428062e+00,2.671672349238559452e+00,2.391765138671367373e-05
-4.609609609609609748e+00,2.677865495988481559e+00,2.677803929770702140e+00,2.299130907044802418e-05
-4.594594594594594739e+00,2.683868972749709592e+00,2.683810436104960395e+00,2.181102061520827267e-05
-4.579579579579579729e+00,2.689740402744428494e+00,2.689685346375875419e+00,2.046944585070463246e-05
-4.564564564564564719e+00,2.695473782543395203e+00,2.695422508313597643e+00,1.902270595404348857e-05
-4.549549549549549710e+00,2.701062917579096112e+00,2.701015812547024719e+00,1.743974687322299007e-05
-4.534534534534534700e+00,2.706501755367644702e+00,2.706459217815881946e+00,1.571704885953672235e-05
-4.519519519519519690e+00,2.711784339636119423e+00,2.711746777627711324e+00,1.385159142365000163e-05
-4.504504504504504681e+00,2.716904838609943251e+00,2.716872668261267165e+00,1.184094825344696067e-05
-4.489489489489489671e+00,2.721857574373507838e+00,2.721831218001115715e+00,9.683323571943648232e-06
-4.474474474474474661e+00,2.726637053504145758e+00,2.726616937456293410e+00,7.377658216674271839e-06
-4.459459459459459651e+00,2.731237998420207536e+00,2.731224550794914663e+00,4.923661545499401862e-06
-4.444444444444444642e+00,2.735655379595008263e+00,2.735649027699664781e+00,2.321897026689390128e-06
-4.429429429429429632e+00,2.739884448159674246e+00,2.739885615819229958e+00,4.261709134754634562e-07
-4.414414414414414622e+00,2.743920768756902273e+00,2.743929873472621406e+00,3.318129886318858178e-06
-4.399399399399399613e+00,2.747760252443077533e+00,2.747777702340559625e+00,6.350549197348649843e-06
-4.384384384384384603e+00,2.751399189075232954e+00,2.751425379846036634e+00,9.518982777263516540e-06
-4.369369369369369593e+00,2.754834279255615304e+00,2.754869590922637723e+00,1.281790874557997742e-05
-4.354354354354354584e+00,2.758062665179304318e+00,2.758107458843574999e+00,1.624072482276039232e-05
-4.339339339339339574e+00,2.761081960159010862e+00,2.761136574775147068e+00,1.977975904384720034e-05
-4.324324324324324564e+00,2.763890276603639506e+00,2.763955025715675973e+00,2.342625384061763601e-05
-4.309309309309309555e+00,2.766486251869558544e+00,2.766561420473695687e+00,2.717040857320747184e-05
-4.294294294294294545e+00,2.768869071827177564e+00,2.768954913345676783e+00,3.100141431898514996e-05
-4.279279279279279535e+00,2.771038491761728118e+00,2.771135225161461157e+00,3.490749886714883995e-05
-4.264264264264264526e+00,2.772994854235011797e+00,2.773102661386104284e+00,3.887600433753901375e-05
-4.249249249249249516e+00,2.774739103736689749e+00,2.774858126979196093e+00,4.289345150626382478e-05
-4.234234234234234506e+00,2.776272797715356067e+00,2.776403137749698935e+00,4.694564437371666257e-05
-4.219219219219219497e+00,2.777598113857178141e+00,2.777739827974151865e+00,5.101777911183199876e-05
-4.204204204204204487e+00,2.778717853430063389e+00,2.778764645855551052e+00,1.683929063854055016e-05
-4.189189189189189477e+00,2.779635440516066591e+00,2.779685541985889685e+00,1.802415023797978414e-05
-4.174174174174174468e+00,2.780354916998237780e+00,2.780408303537063031e+00,1.920097086364464832e-05
-4.159159159159159458e+00,2.780880933355299511e+00,2.780937567800351395e+00,2.036523426762163765e-05
-4.144144144144144448e+00,2.781218735282413590e+00,2.781278567339473540e+00,2.151242876659569754e-05
-4.129129129129129439e+00,2.781374145999502723e+00,2.781437112523801769e+00,2.263812617424670556e-05
-4.114114114114114429e+00,2.781353544758088159e+00,2.781419570038945910e+00,2.373797954431828438e-05
-4.099099099099099419e+00,2.781163841333607945e+00,2.781232837560799531e+00,2.480778533166531742e-05
-4.084084084084084409e+00,2.780812447023691014e+00,2.780884314823776737e+00,2.584350585985356120e-05
-4.069069069069069400e+00,2.780307242292042957e+00,2.780381871374546954e+00,2.684130668248880437e-05
-4.054054054054054390e+00,2.779656541415853166e+00,2.779733811335540317e+00,2.779759679579746454e-05
-4.039039039039039380e+00,2.778869054626210033e+00,2.778948835552189855e+00,2.870903017686156136e-05
-4.024024024024024371e+00,2.777953847880255456e+00,2.778036001519863962e+00,2.957256117759462187e-05
-4.009009009009009361e+00,2.776920300991406965e+00,2.777004681521574092e+00,3.038544757544078828e-05
-3.993993993993993907e+00,2.775778064360175268e+00,2.775864519414897202e+00,3.114527172246780984e-05
-3.978978978978978898e+00,2.774537014804646429e+00,2.774577344746934404e+00,1.453552641606173272e-05
-3.963963963963963888e+00,2.773207211019841800e+00,2.773248300803322408e+00,1.481648198205168553e-05
-3.948948948948948878e+00,2.771798848995359332e+00,2.771840628333829049e+00,1.507277800990675563e-05
-3.933933933933933869e+00,2.770322217888937733e+00,2.770364615500722660e+00,1.530398256883049019e-05
-3.918918918918918859e+00,2.768787656788264329e+00,2.768830899723996986e+00,1.561775973280544769e-05
-3.903903903903903849e+00,2.767205512691036429e+00,2.767248882172027802e+00,1.567241792770451329e-05
-3.888888888888888840e+00,2.765586100062140673e+00,2.765629871900967540e+00,1.582707768367439671e-05
-3.873873873873873830e+00,2.763939662341682091e+00,2.763983765216791788e+00,1.595627140242556570e-05
-3.858858858858858820e+00,2.762276335548025763e+00,2.762320699100526689e+00,1.606024692041419142e-05
-3.843843843843843811e+00,2.760605946691498502e+00,2.760650669549158387e+00,1.620011476033231081e-05
-3.828828828828828801e+00,2.758938685248767619e+00,2.758983500212540907e+00,1.624328806962244026e-05
-3.813813813813813791e+00,2.757283974198573517e+00,2.757328813764672315e+00,1.626195826734815492e-05
-3.798798798798798781e+00,2.755651206741541515e+00,2.755696006109871643e+00,1.625700666212826385e-05
-3.783783783783783772e+00,2.754049526202626996e+00,2.754094223489169213e+00,1.622939627882074554e-05
-3.768768768768768762e+00,2.752487806052891894e+00,2.752532342499660167e+00,1.618017201128616660e-05
-3.753753753753753752e+00,2.750974632913555595e+00,2.751018994367296688e+00,1.612546254021617645e-05
-3.738738738738738743e+00,2.749518292334169001e+00,2.749562385608688597e+00,1.603646993077239630e-05
-3.723723723723723733e+00,2.748126757372634454e+00,2.748170520244509696e+00,1.592436551984690877e-05
-3.708708708708708723e+00,2.746807679843091154e+00,2.746851080804739720e+00,1.580026014218806227e-05
-3.693693693693693714e+00,2.745568384093961090e+00,2.745611381468207490e+00,1.566040064395712004e-05
-3.678678678678678704e+00,2.744415863192980698e+00,2.744458418795528321e+00,1.550601104253535563e-05
-3.663663663663663694e+00,2.743356777337534247e+00,2.743398856440037115e+00,1.533831014184774489e-05
-3.648648648648648685e+00,2.742397454336017226e+00,2.742439025611795866e+00,1.515850503526373256e-05
-3.633633633633633675e+00,2.741543892010752881e+00,2.741584927443494024e+00,1.496777733579404651e-05
-3.618618618618618665e+00,2.740801762276002140e+00,2.740842237077719901e+00,1.476728619043555295e-05
-3.603603603603603656e+00,2.740176416812841520e+00,2.740216309299354336e+00,1.455815235367895373e-05
-3.588588588588588646e+00,2.739672894064376862e+00,2.739712191737723401e+00,1.434372320751453143e-05
-3.573573573573573636e+00,2.739295927437165989e+00,2.739380583494638088e+00,3.090335748970771622e-05
-3.558558558558558627e+00,2.739049954562527311e+00,2.739133181554052499e+00,3.038442675429461781e-05
-3.543543543543543617e+00,2.738939127359644843e+00,2.739020900369242284e+00,2.985483228200905395e-05
-3.528528528528528607e+00,2.738967322906963098e+00,2.739047622539276805e+00,2.931662511193005907e-05
-3.513513513513513598e+00,2.739138154788657520e+00,2.739216966855071878e+00,2.877175023665349171e-05
-3.498498498498498588e+00,2.739454984989367681e+00,2.739532300149491117e+00,2.822202903729874464e-05
-3.483483483483483578e+00,2.739920936054272893e+00,2.739996749476017790e+00,2.766916484824117622e-05
-3.468468468468468568e+00,2.740538903460739029e+00,2.740613214508512918e+00,2.711475204910156349e-05
-3.453453453453453559e+00,2.741311568189371606e+00,2.741384380062403814e+00,2.656025676725807318e-05
-3.438438438438438549e+00,2.742241409214643877e+00,2.742312728649733522e+00,2.600703936664493687e-05
-3.423423423423423539e+00,2.743330716017455373e+00,2.743400552984799567e+00,2.545635097587642886e-05
-3.408408408408408530e+00,2.744581600978583946e+00,2.744649968377128602e+00,2.490933245855025748e-05
-3.393393393393393076e+00,2.745996011570628337e+00,2.746062924948069472e+00,2.436702263201090868e-05
-3.378378378378378066e+00,2.747575742328951076e+00,2.747641219619632480e+00,2.383036410061869102e-05
-3.363363363363363057e+00,2.749322446574815615e+00,2.749386507833534665e+00,2.330020116725218523e-05
-3.348348348348348047e+00,2.751237647799153141e+00,2.751300314966041327e+00,2.277729063137902863e-05
-3.333333333333333037e+00,2.753322750724026324e+00,2.753384047406734148e+00,2.226230763759790948e-05
-3.318318318318318028e+00,2.755579052027572917e+00,2.755639003281954214e+00,2.175584476409814517e-05
-3.303303303303303018e+00,2.758007750673792557e+00,2.758066382800672844e+00,2.125841758048952011e-05
-3.288288288288288008e+00,2.760609957836205552e+00,2.760667600561051316e+00,2.087999469188127881e-05
-3.273273273273272999e+00,2.763386706499150414e+00,2.763443089811418396e+00,2.040328330837097584e-05
-3.258258258258257989e+00,2.766338960580187134e+00,2.766394113645487707e+00,1.993680691717976226e-05
-3.243243243243242979e+00,2.769467623706741044e+00,2.769521576295157494e+00,1.948083339672835381e-05
-3.228228228228227970e+00,2.772773547593804011e+00,2.772826313912899465e+00,1.902979599937237675e-05
-3.213213213213212960e+00,2.776257540038689076e+00,2.776309166906790082e+00,1.859550395769740875e-05
-3.198198198198197950e+00,2.779920372485328972e+00,2.779970890743058476e+00,1.817222543506589693e-05
-3.183183183183182940e+00,2.783762787330100519e+00,2.783812227945858808e+00,1.776003972608850362e-05
-3.168168168168167931e+00,2.787785504731598696e+00,2.787833898748230510e+00,1.735900286367264163e-05
-3.153153153153152921e+00,2.791989229229365321e+00,2.792036607641051660e+00,1.696912266718729681e-05
-3.138138138138137911e+00,2.796374655861380010e+00,2.796525221134488870e+00,5.384012701583261137e-05
-3.123123123123122902e+00,2.800942476127810554e+00,2.801089771896752012e+00,5.258516539500866180e-05
-3.108108108108107892e+00,2.805693383541124852e+00,2.805837511856297262e+00,5.136730639724618896e-05
-3.093093093093092882e+00,2.810628078928946394e+00,2.810769140927793064e+00,5.018626282488196534e-05
-3.078078078078077873e+00,2.815747275484959733e+00,2.815885371239527313e+00,4.904168187314788418e-05
-3.063063063063062863e+00,2.821051703526527898e+00,2.821186931926492836e+00,4.793315835778184702e-05
-3.048048048048047853e+00,2.826542115042425696e+00,2.826674573683856551e+00,4.686023734887474133e-05
-3.033033033033032844e+00,2.832219287992725043e+00,2.832348571123307401e+00,4.564520479592125017e-05
-3.018018018018017834e+00,2.838084030413710934e+00,2.838210732069837317e+00,4.464138433934462645e-05
-3.003003003003002824e+00,2.844137184336579249e+00,2.844261397754674014e+00,4.367159016847822414e-05
-2.987987987987987815e+00,2.850379629491698097e+00,2.850501446364737568e+00,4.273524337088995207e-05
-2.972972972972972805e+00,2.856812286900708209e+00,2.856931797329798961e+00,4.183174033151628558e-05
-2.957957957957957795e+00,2.863436122272439377e+00,2.863553414742318282e+00,4.096046166802842613e-05
-2.942942942942942786e+00,2.870252149261609098e+00,2.870367310641006586e+00,4.012078139636090075e-05
-2.927927927927927776e+00,2.877261432640242145e+00,2.877374548166966139e+00,3.931206203101193818e-05
-2.912912912912912766e+00,2.884465091330826514e+00,2.884576244607344631e+00,3.853365870495378045e-05
-2.897897897897897757e+00,2.891864301317838670e+00,2.891973574338329911e+00,3.778493049205742437e-05
-2.882882882882882747e+00,2.899460298529857649e+00,2.899567771677898698e+00,3.706523058050709238e-05
-2.867867867867867737e+00,2.907254381584670977e+00,2.907360169914771308e+00,3.638638624654222365e-05
-2.852852852852852727e+00,2.915247914508726446e+00,2.915352058792844758e+00,3.572271273522811732e-05
-2.837837837837837718e+00,2.923442329383419303e+00,2.923544905293324003e+00,3.508614138916712756e-05
-2.822822822822822708e+00,2.931839128939968564e+00,2.931940210657876911e+00,3.447605020760834122e-05
-2.807807807807807698e+00,2.940439889158465103e+00,2.940539549396253616e+00,3.389182023039771286e-05
-2.792792792792792689e+00,2.949246261777031641e+00,2.949344571835775142e+00,3.333284950232477933e-05
-2.777777777777777679e+00,2.958259976853589546e+00,2.958357006654675381e+00,3.279854353871806928e-05
-2.762762762762762669e+00,2.967482845281124604e+00,2.967578663406917894e+00,3.228831874781250706e-05
-2.747747747747747660e+00,2.976916761298386227e+00,2.977011435051729382e+00,3.180160889825743326e-05
-2.732732732732732650e+00,2.986563705037463823e+00,2.986657300490866085e+00,3.133786169135620309e-05
-2.717717717717717640e+00,2.996425745089219106e+00,2.996517629826846996e+00,3.066384015674864308e-05
-2.702702702702702631e+00,3.006505041072201401e+00,3.006595971104438547e+00,3.024351562732399882e-05
-2.687687687687687621e+00,3.016803846250504684e+00,3.016894584649065791e+00,3.007675476061176867e-05
-2.672672672672672611e+00,3.027324510198888152e+00,3.027414282486110775e+00,2.965312271332141302e-05
-2.657657657657657602e+00,3.038069481513163250e+00,3.038158486819420911e+00,2.929580752412915191e-05
-2.642642642642642592e+00,3.049041310584434950e+00,3.049129608645966272e+00,2.895844810300896258e-05
-2.627627627627627582e+00,3.060242652432680011e+00,3.060330302126689439e+00,2.864059933286246967e-05
-2.612612612612612573e+00,3.071676269609522336e+00,3.071763329017856758e+00,2.834183464331479455e-05
-2.597597597597597563e+00,3.083345035200852458e+00,3.083431561662013820e+00,2.806174206594795671e-05
-2.582582582582582553e+00,3.095251935894996809e+00,3.095337396953037779e+00,2.760960990071559018e-05
-2.567567567567567544e+00,3.107400075181364851e+00,3.107485113224747408e+00,2.736555133302313983e-05
-2.552552552552552534e+00,3.119792676597873626e+00,3.119877937915559230e+00,2.732841456693900172e-05
-2.537537537537537524e+00,3.132433087144253836e+00,3.132518038754240841e+00,2.711927239875982132e-05
-2.522522522522522515e+00,3.145324780803792297e+00,3.145409477213822136e+00,2.692699015609948925e-05
-2.507507507507507505e+00,3.158471362148483230e+00,3.158555857489367291e+00,2.675125744055181887e-05
-2.492492492492492495e+00,3.171876570149428254e+00,3.171960918223028170e+00,2.659177580509681702e-05
-2.477477477477477485e+00,3.185544282081978817e+00,3.185628536421857504e+00,2.644826253764107313e-05
-2.462462462462462476e+00,3.199478517599474880e+00,3.199562731533654336e+00,2.632045102584664367e-05
-2.447447447447447466e+00,3.213683442959485159e+00,3.213767058107148245e+00,2.601779971953945632e-05
-2.432432432432432456e+00,3.228163375454231154e+00,3.228247054424306484e+00,2.592086933391527491e-05
-2.417417417417417447e+00,3.242922787961040498e+00,3.243006583966583367e+00,2.583898717848926501e-05
-2.402402402402402437e+00,3.257966313749586451e+00,3.258050280056575598e+00,2.577194940886214336e-05
-2.387387387387387427e+00,3.273298751434041254e+00,3.273382941438232940e+00,2.571957076146300379e-05
-2.372372372372372418e+00,3.288925070175840570e+00,3.289010158517068572e+00,2.587050119248200154e-05
-2.357357357357357408e+00,3.304850415073270042e+00,3.304935835745054895e+00,2.584639340376050206e-05
-2.342342342342342398e+00,3.321080112828490360e+00,3.321165919810076694e+00,2.583640313617356385e-05
-2.327327327327327389e+00,3.337619677588850031e+00,3.337705300729103097e+00,2.565329546451035106e-05
-2.312312312312312379e+00,3.354474817128432651e+00,3.354560935424812484e+00,2.567200239840857019e-05
-2.297297297297297369e+00,3.371651439227636882e+00,3.371738108280292412e+00,2.570456241624726794e-05
-2.282282282282282360e+00,3.389155658388530501e+00,3.389242934410506614e+00,2.575088999670440863e-05
-2.267267267267267350e+00,3.406993802795015291e+00,3.407081742706011163e+00,2.581091903184763156e-05
-2.252252252252252340e+00,3.425172421645258591e+00,3.425261083134164330e+00,2.588459295622876641e-05
-2.237237237237237331e+00,3.443698292749148404e+00,3.443787734367436570e+00,2.597187317777446583e-05
-2.222222222222222321e+00,3.462578430520661055e+00,3.462668711753370765e+00,2.607273182192328578e-05
-2.207207207207207311e+00,3.481820094276806721e+00,3.481911275646458304e+00,2.618716056590326044e-05
-2.192192192192192302e+00,3.501430796980574023e+00,3.501522940115547655e+00,2.631515958898492864e-05
-2.177177177177177292e+00,3.521418314301400176e+00,3.521511482043951702e+00,2.645674819650142341e-05
-2.162162162162162282e+00,3.541790694154750341e+00,3.541885392624333662e+00,2.673674020636639481e-05
-2.147147147147147273e+00,3.562556266645915404e+00,3.562652124858312952e+00,2.690641944204993303e-05
-2.132132132132132263e+00,3.583723654468105924e+00,3.583820739437840963e+00,2.708979516376935722e-05
-2.117117117117117253e+00,3.605301783795361370e+00,3.605400164133140350e+00,2.728693995126458448e-05
-2.102102102102102243e+00,3.627299895660586859e+00,3.627399965197477538e+00,2.758712517251489602e-05
-2.087087087087087234e+00,3.649727557858103655e+00,3.649829088593975701e+00,2.781794254129280503e-05
-2.072072072072072224e+00,3.672594677419840803e+00,3.672697744481203230e+00,2.806303936045420207e-05
-2.057057057057057214e+00,3.695911513642291535e+00,3.696016194266896981e+00,2.832255572035174228e-05
-2.042042042042042205e+00,3.719688691736457109e+00,3.719795065399154055e+00,2.859664600515602416e-05
-2.027027027027027195e+00,3.743937217092685454e+00,3.744042819009391732e+00,2.820531757011731657e-05
-2.012012012012012185e+00,3.768668490241710689e+00,3.768775861075173150e+00,2.848957789488441633e-05
-1.996996996996997176e+00,3.793894322484923531e+00,3.794003544951638052e+00,2.878818256768722822e-05
-1.981981981981982166e+00,3.819626952255366525e+00,3.819737869753207171e+00,2.903798679981464890e-05
-1.966966966966967156e+00,3.845879062259286663e+00,3.845992051646505594e+00,2.937847652871761436e-05
-1.951951951951952147e+00,3.872663797407192021e+00,3.872778953732714857e+00,2.973480461926299889e-05
-1.936936936936937137e+00,3.899994783570269519e+00,3.900111556119968181e+00,2.994082297862116213e-05
-1.921921921921922127e+00,3.927886147230907898e+00,3.928005247311864512e+00,3.032075403619170220e-05
-1.906906906906907118e+00,3.956352536031300993e+00,3.956474809512694257e+00,3.090465307633910239e-05
-1.891891891891892108e+00,3.985409140300920416e+00,3.985533995948316033e+00,3.132720672375252993e-05
-1.876876876876877098e+00,4.015071715539767716e+00,4.015199267175103337e+00,3.176719929652707864e-05
-1.861861861861862089e+00,4.045356606004335553e+00,4.045482268677254467e+00,3.106247032445933224e-05
-1.846846846846847079e+00,4.076276052564902663e+00,4.076409164531853868e+00,3.265422129588696601e-05
-1.831831831831832069e+00,4.107857104614580201e+00,4.107993047028386968e+00,3.309217232125155481e-05
-1.816816816816817060e+00,4.140113289018802156e+00,4.140252183415225495e+00,3.354732761924841036e-05
-1.801801801801802050e+00,4.173063562807139526e+00,4.173205535343201156e+00,3.402002006832717063e-05
-1.786786786786786596e+00,4.206727606301016387e+00,4.206873939057085288e+00,3.478420275690492514e-05
-1.771771771771771586e+00,4.241125853135051749e+00,4.241275595792864728e+00,3.530604282388918685e-05
-1.756756756756756577e+00,4.276279522049812876e+00,4.276432823125611904e+00,3.584788587582248421e-05
-1.741741741741741567e+00,4.312210653308034658e+00,4.312372958669107526e+00,3.763713450307843984e-05
-1.726726726726726557e+00,4.348942152706914754e+00,4.349108560475903218e+00,3.826250061926582332e-05
-1.711711711711711548e+00,4.386497788744707194e+00,4.386662708811530642e+00,3.759579383483758807e-05
-1.696696696696696538e+00,4.424902313537852905e+00,4.425073449018112726e+00,3.867404286764875775e-05
-1.681681681681681528e+00,4.464181356020844760e+00,4.464356921831353908e+00,3.932611428324785254e-05
-1.666666666666666519e+00,4.504361647810419811e+00,4.504541817302524009e+00,3.999729593188464593e-05
-1.651651651651651509e+00,4.545470920153710459e+00,4.545655885507780880e+00,4.069057551411178167e-05
-1.636636636636636499e+00,4.587538002882503463e+00,4.587727971547638006e+00,4.140800551224896276e-05
-1.621621621621621490e+00,4.630592875244002649e+00,4.630788060774479575e+00,4.214952788063525325e-05
-1.606606606606606480e+00,4.674666702977722466e+00,4.674867325438696319e+00,4.291511330859579422e-05
-1.591591591591591470e+00,4.719791884549032979e+00,4.719998205484333909e+00,4.371207918282643095e-05
-1.576576576576576461e+00,4.766002101253906886e+00,4.766214324741100405e+00,4.452663534073178031e-05
-1.561561561561561451e+00,4.813332368309522380e+00,4.813537959182777826e+00,4.271096956101495253e-05
-1.546546546546546441e+00,4.861819086358476483e+00,4.862030634477534363e+00,4.351023984870739140e-05
-1.531531531531531432e+00,4.911500093417545010e+00,4.911717852553002750e+00,4.433461815086828738e-05
-1.516516516516516422e+00,4.962414717169931322e+00,4.962638951895235628e+00,4.518457366693400391e-05
-1.501501501501501412e+00,5.014603827316803653e+00,5.014834813373124867e+00,4.606055132768093326e-05
-1.486486486486486402e+00,5.068109887619696607e+00,5.068351144392104324e+00,4.760064279971126409e-05
-1.471471471471471393e+00,5.122977007027714080e+00,5.123225770301012005e+00,4.855598493042970063e-05
-1.456456456456456383e+00,5.179250989291198870e+00,5.179507579187434985e+00,4.953943831787357510e-05
-1.441441441441441373e+00,5.236979380256561178e+00,5.237244129824583538e+00,5.055131314476789234e-05
-1.426426426426426364e+00,5.296211511878953893e+00,5.296489509526898232e+00,5.248715162076680516e-05
-1.411411411411411354e+00,5.356998541889418597e+00,5.357285524753903516e+00,5.356870810019078680e-05
-1.396396396396396344e+00,5.419393487723152880e+00,5.419691512824437396e+00,5.498931084533296521e-05
-1.381381381381381335e+00,5.483451253136140124e+00,5.483550308153319897e+00,1.806402998300031022e-05
-1.366366366366366325e+00,5.549228645641517410e+00,5.549311766101567400e+00,1.497851689604798031e-05
-1.351351351351351315e+00,5.616784382478797966e+00,5.616870082950654819e+00,1.525769166657190531e-05
-1.336336336336336306e+00,5.686179082523145745e+00,5.686267894757908614e+00,1.561872152466545598e-05
-1.321321321321321296e+00,5.757475240843529463e+00,5.757566865963788416e+00,1.591386125284989238e-05
-1.306306306306306286e+00,5.830737182619166070e+00,5.830838291421818198e+00,1.734035443940823307e-05
-1.291291291291291277e+00,5.906030991545551778e+00,5.906135329889963259e+00,1.766609442276779855e-05
-1.276276276276276267e+00,5.983424408072004930e+00,5.983532094739753227e+00,1.799717391721962926e-05
-1.261261261261261257e+00,6.062986691334023348e+00,6.063096352513853482e+00,1.808666289538128315e-05
-1.246246246246246248e+00,6.144788437781389945e+00,6.144901611052857149e+00,1.841742612503979515e-05
-1.231231231231231238e+00,6.228901348910314439e+00,6.229018050485230162e+00,1.873514797515029039e-05
-1.216216216216216228e+00,6.315397937423870900e+00,6.315526879345072508e+00,2.041665306236174903e-05
-1.201201201201201219e+00,6.404351162471599856e+00,6.404476148831889759e+00,1.951546970983705393e-05
-1.186186186186186209e+00,6.495833980168736588e+00,6.495972049010201310e+00,2.125453133465377551e-05
-1.171171171171171199e+00,6.589918795198936863e+00,6.590061577177880103e+00,2.166625869441197042e-05
-1.156156156156156189e+00,6.686676796638241882e+00,6.686824279583107433e+00,2.205575303000875567e-05
-1.141141141141141180e+00,6.786177158841603330e+00,6.786329123269617014e+00,2.239272886023376924e-05
-1.126126126126126170e+00,6.888486085494974986e+00,6.888643503859363193e+00,2.285186688787319394e-05
-1.111111111111111160e+00,6.993665672016867063e+00,6.993827483134845480e+00,2.313627528969128426e-05
-1.096096096096096151e+00,7.101772558592839957e+00,7.101938679420663370e+00,2.339091272426530930e-05
-1.081081081081081141e+00,7.212856342831572398e+00,7.213024856524745232e+00,2.336241681191489239e-05
-1.066066066066066131e+00,7.326957717682779148e+00,7.327130853021145640e+00,2.362934985596779801e-05
-1.051051051051051122e+00,7.444106297719513599e+00,7.444284669635180762e+00,2.396092083833558005e-05
-1.036036036036036112e+00,7.564318093675047372e+00,7.564501047780104237e+00,2.418587873823550705e-05
-1.021021021021021102e+00,7.687592593551699771e+00,7.687783097253498177e+00,2.478005679770858542e-05
-1.006006006006006093e+00,7.813909408086112229e+00,7.814103017899049597e+00,2.477697216096119004e-05
-9.909909909909906389e-01,7.943224438673635923e+00,7.943421359166734419e+00,2.479038744070259946e-05
-9.759759759759756292e-01,8.075465530448715512e+00,8.075668521715648751e+00,2.513615639217868519e-05
-9.609609609609606196e-01,8.210527579477279403e+00,8.210734976131686125e+00,2.525920700273684763e-05
-9.459459459459456099e-01,8.348267074814994970e+00,8.348478875488417827e+00,2.536997177350659450e-05
-9.309309309309306002e-01,8.488496074802320379e+00,8.488714143748914864e+00,2.568927907120904078e-05
-9.159159159159155905e-01,8.630975641819464528e+00,8.631195011546882512e+00,2.541591600288365470e-05
-9.009009009009005808e-01,8.775408794086750675e+00,8.775627392314088837e+00,2.490969791283712919e-05
-8.858858858858855712e-01,8.921433080964144224e+00,8.921657473108020042e+00,2.515139642518093759e-05
-8.708708708708705615e-01,9.068612944883973626e+00,9.068844064145130446e+00,2.548497465852132943e-05
-8.558558558558555518e-01,9.216432107661164608e+00,9.216662056965413186e+00,2.494930407856232898e-05
-8.408408408408405421e-01,9.364286300448863898e+00,9.364519434198161463e+00,2.489543120025859937e-05
-8.258258258258255324e-01,9.511476761263237378e+00,9.511724369092767972e+00,2.603185499520638727e-05
-8.108108108108105228e-01,9.657205021265095723e+00,9.657447775318871663e+00,2.513646042138959716e-05
-7.957957957957955131e-01,9.800569627896749125e+00,9.800822289932495934e+00,2.577967728344039247e-05
-7.807807807807805034e-01,9.940565447597029092e+00,9.940832462791883373e+00,2.686044613001049451e-05
-7.657657657657654937e-01,1.007608656618136855e+01,1.007635176491992723e+01,2.631892422433588193e-05
-7.507507507507504840e-01,1.020593326482210195e+01,1.020621037398203512e+01,2.715103351578858882e-05
-7.357357357357354743e-01,1.032882418552880743e+01,1.032912952758273661e+01,2.956125713341093509e-05
-7.207207207207204647e-01,1.044341412228021326e+01,1.044355011984594483e+01,1.302215857356153879e-05
-7.057057057057054550e-01,1.054831791575602296e+01,1.054846364784720514e+01,1.381548024881560171e-05
-6.906906906906904453e-01,1.064214054307213431e+01,1.064231202578957891e+01,1.611329540320272622e-05
-6.756756756756754356e-01,1.072351284529974613e+01,1.072369134829730086e+01,1.664566722009141669e-05
-6.606606606606604259e-01,1.079113202052879572e+01,1.079132613924445394e+01,1.798840227358852918e-05
-6.456456456456454163e-01,1.084380519963293921e+01,1.084403563894777633e+01,2.125032806139759526e-05
-6.306306306306304066e-01,1.088049390344736800e+01,1.088073547994139467e+01,2.220222102375520476e-05
-6.156156156156153969e-01,1.090035674236211349e+01,1.090061999728666819e+01,2.415045425124711552e-05
-6.006006006006003872e-01,1.090278734633127655e+01,1.090309476356769558e+01,2.819541085217853194e-05
-5.855855855855853775e-01,1.088744465394091421e+01,1.088777024944600136e+01,2.990470019366157965e-05
-5.705705705705703679e-01,1.085427295147230353e+01,1.085449767194695525e+01,2.070298243579710856e-05
-5.555555555555553582e-01,1.080350976236019633e+01,1.080376607802007172e+01,2.372465842229311257e-05
-5.405405405405403485e-01,1.073568064534912914e+01,1.073594460439613307e+01,2.458647624689225223e-05
-5.255255255255253388e-01,1.065158105635963537e+01,1.065185759002107169e+01,2.596107384080890916e-05
-5.105105105105103291e-01,1.055224655154783520e+01,1.055254946906745772e+01,2.870562422004874532e-05
-4.954954954954953195e-01,1.043891357764790051e+01,1.043922550165026664e+01,2.987999467171355839e-05
-4.804804804804803098e-01,1.031297378758487682e+01,1.031328567702638388e+01,3.024152062439420947e-05
-4.654654654654653001e-01,1.017592515148827381e+01,1.017625295579994926e+01,3.221267327957079017e-05
-4.504504504504502904e-01,1.002932309074877182e+01,1.002965427686967281e+01,3.302069161693580595e-05
-4.354354354354352807e-01,9.874734490248149754e+00,9.875062620423269877e+00,3.322816145403421835e-05
-4.204204204204202711e-01,9.713696832842074969e+00,9.714024429396875604e+00,3.372408183463619917e-05
-4.054054054054052614e-01,9.547683967147834849e+00,9.548007285552237988e+00,3.386239607214950611e-05
-3.903903903903902517e-01,9.378079272106445430e+00,9.378401709945478615e+00,3.438089442162096129e-05
-3.753753753753752420e-01,9.206156316180500454e+00,9.206468246267029087e+00,3.388162302684447367e-05
-3.603603603603602323e-01,9.033066573028776247e+00,9.033369257470456049e+00,3.350736951547574966e-05
-3.453453453453452227e-01,8.859833388883128436e+00,8.860124562572224249e+00,3.286338550202976688e-05
-3.303303303303302130e-01,8.687351181600064365e+00,8.687629297102510861e+00,3.201281879502539747e-05
-3.153153153153152033e-01,8.516388776577251463e+00,8.516654667279766500e+00,3.122008733506191451e-05
-3.003003003003001936e-01,8.347595811698377943e+00,8.347853423786212090e+00,3.085968029818445479e-05
-2.852852852852851839e-01,8.181511247471396686e+00,8.181756026737687648e+00,2.991769315670524644e-05
-2.702702702702701743e-01,8.018573151413978195e+00,8.018807334571457446e+00,2.920423795065105543e-05
-2.552552552552551646e-01,7.859129008841101438e+00,7.859352643560258755e+00,2.845459789115807364e-05
-2.402402402402401549e-01,7.703446525286722135e+00,7.703657884193217065e+00,2.743617508360634126e-05
-2.252252252252251452e-01,7.551723126635319083e+00,7.551924693948787848e+00,2.669085321127163363e-05
-2.102102102102101355e-01,7.404096231946029505e+00,7.404286137964629866e+00,2.564811989458910176e-05
-1.951951951951951258e-01,7.260651765842537131e+00,7.260831434772518023e+00,2.474495264005820003e-05
-1.801801801801801162e-01,7.121432294184915968e+00,7.121602161449439805e+00,2.385239454168904108e-05
-1.651651651651651065e-01,6.986444220220886514e+00,6.986604743356291003e+00,2.297584324591050235e-05
-1.501501501501500968e-01,6.855664143739219618e+00,6.855815950220897292e+00,2.214273002366451084e-05
-1.351351351351350871e-01,6.729044418220500035e+00,6.729186069393586322e+00,2.105026843150632518e-05
-1.201201201201200774e-01,6.606517960460455363e+00,6.606726101839997867e+00,3.150446625667369365e-05
-1.051051051051050678e-01,6.488002377348073502e+00,6.488199236704463857e+00,3.034113922961861084e-05
-9.009009009009005808e-02,6.373403478521051824e+00,6.373581242991992468e+00,2.789083000018296868e-05
-7.507507507507504840e-02,6.262618244856692939e+00,6.262796894768037248e+00,2.852557960063391163e-05
-6.006006006006003872e-02,6.155537318009730363e+00,6.155699080661250377e+00,2.627851839415088332e-05
-4.504504504504502904e-02,6.052047073404919431e+00,6.052199222636795994e+00,2.513949496366315911e-05
-3.003003003003001936e-02,5.952031333555907189e+00,5.952175397151405534e+00,2.420351987061586399e-05
-1.501501501501500968e-02,5.855372772859166908e+00,5.855504093714620772e+00,2.242690865758703101e-05
0.000000000000000000e+00,5.761954058330022832e+00,5.762083206429021054e+00,2.241343874627242712e-05
1.501501501501500968e-02,5.671658767779334198e+00,5.671776642615007802e+00,2.078270057180121242e-05
3.003003003003001936e-02,5.584372119164978443e+00,5.584484016034201304e+00,2.003710081389465172e-05
4.504504504504502904e-02,5.499981541650720729e+00,5.500087604542416742e+00,1.928385497140397835e-05
6.006006006006003872e-02,5.418377114513874382e+00,5.418477973280410254e+00,1.861385559436180446e-05
7.507507507507504840e-02,5.339451895910949375e+00,5.339549614346781325e+00,1.830087608314226103e-05
9.009009009009005808e-02,5.263102160693775566e+00,5.263208328960944371e+00,2.017177746596328952e-05
1.051051051051050678e-01,5.189227563257190035e+00,5.189328974918692161e+00,1.954234583937039651e-05
1.201201201201200774e-01,5.117731239025019363e+00,5.117824906798325024e+00,1.830226219369804965e-05
1.351351351351350871e-01,5.048519856151226115e+00,5.048609216699298408e+00,1.770003266973296701e-05
1.501501501501500968e-01,4.981503627010892110e+00,4.981588961550004413e+00,1.712998398120572113e-05
1.651651651651651065e-01,4.916596287326747472e+00,4.916677713775224667e+00,1.656127434366098464e-05
1.801801801801801162e-01,5.387119624603319501e+00,5.387198158112942892e+00,1.457780228579895549e-05
1.951951951951951258e-01,7.850096158363728094e+00,7.851233057045112318e+00,1.448051119007422464e-04
2.102102102102101355e-01,1.050126664813712019e+01,1.050125439086323631e+01,1.167219974647995720e-06
2.252252252252251452e-01,1.316444386288922530e+01,1.316434253540080768e+01,7.697117280649595886e-06
2.402402402402401549e-01,1.574796090999068454e+01,1.574777628990196909e+01,1.172356562074310294e-05
2.552552552552551646e-01,1.818613998187237968e+01,1.818575389682158772e+01,2.123008223813257207e-05
2.702702702702701743e-01,2.042685128075996914e+01,2.042614722664096405e+01,3.446827789857623742e-05
2.852852852852851839e-01,2.242573061803510726e+01,2.242511369271460708e+01,2.751046567494535745e-05
3.003003003003001936e-01,2.414300459889965111e+01,2.414288228544661408e+01,5.066232423738741762e-06
3.153153153153152033e-01,2.554133061591829801e+01,2.554097612640153869e+01,1.387924701878883683e-05
3.303303303303302130e-01,2.658388934702334794e+01,2.658336313881622459e+01,1.979464390474330719e-05
3.453453453453452227e-01,2.723222582597315622e+01,2.723201192378600055e+01,7.854806606075015978e-06
3.603603603603602323e-01,2.744302648791155619e+01,2.744265788840357345e+01,1.343162566401759816e-05
3.753753753753752420e-01,2.716196885329067356e+01,2.716190928747506561e+01,2.192990742201645183e-06
3.903903903903902517e-01,2.630840158043497112e+01,2.630811061812183382e+01,1.105979510884661707e-05
4.054054054054052614e-01,2.471684792169405398e+01,2.471788540939808954e+01,4.197315777024713607e-05
4.204204204204202711e-01,2.186067546175760512e+01,2.186197919186284011e+01,5.963458723445526154e-05
4.354354354354352807e-01,2.005907400526149331e+01,2.006014976307849551e+01,5.362660945743155471e-05
4.504504504504502904e-01,1.880710501595251571e+01,1.880806424934811005e+01,5.100117603158368668e-05
4.654654654654653001e-01,1.782154671463900186e+01,1.782237764436634464e+01,4.662283248191827499e-05
4.804804804804803098e-01,1.700423130345107126e+01,1.700499483763222841e+01,4.490058294328005332e-05
4.954954954954953195e-01,1.630525832724822166e+01,1.630584487168071561e+01,3.597142234025767438e-05
5.105105105105103291e-01,1.569486967430789548e+01,1.569546576266768945e+01,3.797837979499708210e-05
5.255255255255253388e-01,1.515359531299743701e+01,1.515424466127263869e+01,4.284926696882015437e-05
5.405405405405403485e-01,1.466788575795103888e+01,1.466842634430844328e+01,3.685373909343374045e-05
5.555555555555553582e-01,1.422788284512535739e+01,1.422833925694765078e+01,3.207765952519901884e-05
5.705705705705703679e-01,1.382616735446788603e+01,1.382668658183424526e+01,3.755255196435870242e-05
5.855855855855853775e-01,1.345700437805578176e+01,1.345745165197787507e+01,3.323615299985710567e-05
6.006006006006003872e-01,1.311586354479132233e+01,1.311625655519594957e+01,2.996361065166555987e-05
6.156156156156153969e-01,1.279910072921638076e+01,1.279955802988770941e+01,3.572784859139898484e-05
6.306306306306304066e-01,1.250373944358224243e+01,1.250414342701530579e+01,3.230796538934047019e-05
6.456456456456454163e-01,1.222731629711182322e+01,1.222767524121761618e+01,2.935505717252059283e-05
6.606606606606604259e-01,1.196776904762678484e+01,1.196809036289576333e+01,2.684766401619567515e-05
6.756756756756754356e-01,1.172335378771063574e+01,1.172364264310925108e+01,2.463870721828243787e-05
6.906906906906904453e-01,1.149258255672320495e+01,1.149284345918686512e+01,2.270129795004032321e-05
7.057057057057054550e-01,1.127417558271702092e+01,1.127441221752733114e+01,2.098866049463278904e-05
7.207207207207204647e-01,1.106702420169985324e+01,1.106741085671133540e+01,3.493635652350364382e-05
7.357357357357354743e-01,1.087016170044339347e+01,1.087051527711484766e+01,3.252621080424397448e-05
7.507507507507504840e-01,1.068274012721277622e+01,1.068306684166967457e+01,3.058245930129324653e-05
7.657657657657654937e-01,1.050401165833326012e+01,1.050431225402621394e+01,2.861640873619348654e-05
7.807807807807805034e-01,1.033331348494658108e+01,1.033359098914774421e+01,2.685457567021555164e-05
7.957957957957955131e-01,1.017005544915884663e+01,1.017031562464316963e+01,2.558184956350635791e-05
8.108108108108105228e-01,1.001370985006866299e+01,1.001394969428814363e+01,2.395101101990253494e-05
8.258258258258255324e-01,9.863802978507601793e+00,9.864024978659079679e+00,2.250604108953346944e-05
8.408408408408405421e-01,9.719908038205682388e+00,9.720225478407302333e+00,3.265769938414628194e-05
8.558558558558555518e-01,9.581639191954556267e+00,9.581936336587126846e+00,3.101091701433853783e-05
8.708708708708705615e-01,9.448646523719027357e+00,9.448925204710112880e+00,2.949340639786261813e-05
8.858858858858855712e-01,9.320611752184255749e+00,9.320873722708306275e+00,2.810579049175299432e-05
9.009009009009005808e-01,9.197244566822352141e+00,9.197491755343154551e+00,2.687564472768456266e-05
9.159159159159155905e-01,9.078279479684780995e+00,9.078512785175487210e+00,2.569864648835267230e-05
9.309309309309306002e-01,8.963473109870966127e+00,8.963693703087187714e+00,2.460963343109468014e-05
9.459459459459456099e-01,8.852601829999272809e+00,8.852810848692364232e+00,2.361043251277606124e-05
9.609609609609606196e-01,8.745459719215480376e+00,8.745658079071771951e+00,2.268095259363576394e-05
9.759759759759756292e-01,8.641856775865212725e+00,8.642045417426665210e+00,2.182834645512157499e-05
9.909909909909906389e-01,8.541617352411153163e+00,8.541797238839196282e+00,2.105955257579550746e-05
1.006006006006005649e+00,8.444578778015390697e+00,8.444750514632636040e+00,2.033649389023007076e-05
1.021021021021020658e+00,8.350590145568702383e+00,8.350754197335064077e+00,1.964514371816233952e-05
1.036036036036035668e+00,8.259511238178218306e+00,8.259667828565699921e+00,1.895843643252254781e-05
1.051051051051050678e+00,8.171211577297320616e+00,8.171362800043738162e+00,1.850642911323627265e-05
1.066066066066065687e+00,8.085569576315689844e+00,8.085714010041831656e+00,1.786282893043671834e-05
1.081081081081080697e+00,8.002471785977720131e+00,8.002610746498241667e+00,1.736439830993179197e-05
1.096096096096095707e+00,7.921812220206586375e+00,7.921946219092037111e+00,1.691489461614836416e-05
1.111111111111110716e+00,7.843491752533868322e+00,7.843622542502536987e+00,1.667468927271152190e-05
1.126126126126125726e+00,7.767417574185037310e+00,7.767544031840998286e+00,1.628026251831938943e-05
1.141141141141140736e+00,7.693502707028383902e+00,7.693625687666569846e+00,1.598474414775468241e-05
1.156156156156155745e+00,7.621665565465229442e+00,7.621785898729768860e+00,1.578806675210765129e-05
1.171171171171170755e+00,7.551829559660010460e+00,7.551945509263871870e+00,1.535360705650955302e-05
1.186186186186185765e+00,7.483922738686806575e+00,7.484035551273274578e+00,1.507376410696097203e-05
1.201201201201200774e+00,7.417877466824225330e+00,7.417987388365073542e+00,1.481824315590257609e-05
1.216216216216215784e+00,7.353630130568111767e+00,7.353737394396929083e+00,1.458630123222033257e-05
1.231231231231230794e+00,7.291120872947194798e+00,7.291227047116068505e+00,1.456190682139061553e-05
1.246246246246245803e+00,7.230293352618978986e+00,7.230397281605104531e+00,1.437389704573382097e-05
1.261261261261260813e+00,7.171094524733459430e+00,7.171196220449463254e+00,1.418113699271369894e-05
1.276276276276275823e+00,7.113474442503524564e+00,7.113693308627061285e+00,3.076687650721361466e-05
1.291291291291290833e+00,7.057386076509310158e+00,7.057601149563042853e+00,3.047395980233465724e-05
1.306306306306305842e+00,7.002785151732060953e+00,7.002996819529073491e+00,3.022531674186479497e-05
1.321321321321320852e+00,6.949629997909396728e+00,6.949839019064971701e+00,3.007568304842474913e-05
1.336336336336335862e+00,6.897881415736755173e+00,6.898087759029412069e+00,2.991311503493103666e-05
1.351351351351350871e+00,6.847505819557949458e+00,6.847707261647109078e+00,2.941745046372886208e-05
1.366366366366365881e+00,6.798462066313430974e+00,6.798662908463946941e+00,2.954141913197820597e-05
1.381381381381380891e+00,6.750720955648597865e+00,6.750920139069352288e+00,2.950463294650696133e-05
1.396396396396395900e+00,6.704252071910315358e+00,6.704449933555569174e+00,2.951198789083719763e-05
1.411411411411411798e+00,6.659026974901741447e+00,6.659223849886748425e+00,2.956425394985432307e-05
1.426426426426426808e+00,6.615019131343014003e+00,6.615215354794450775e+00,2.966244345991806699e-05
1.441441441441441818e+00,6.572203855369012082e+00,6.572399884820752547e+00,2.982616018133703130e-05
1.456456456456456827e+00,6.530558257777887121e+00,6.530754039838674530e+00,2.997847715487454470e-05
1.471471471471471837e+00,6.490061203801804623e+00,6.490257357032046315e+00,3.022271990942912767e-05
1.486486486486486847e+00,6.450693279331861874e+00,6.450890117300017934e+00,3.051330352507166123e-05
1.501501501501501856e+00,6.412436765507378844e+00,6.412526719960460753e+00,1.402792643372613894e-05
1.516516516516516866e+00,6.375275621782179769e+00,6.375366092486043357e+00,1.419066804182676677e-05
1.531531531531531876e+00,6.339195477603992934e+00,6.339286768242416770e+00,1.440077437120674776e-05
1.546546546546546885e+00,6.304183633009993848e+00,6.304275822956325825e+00,1.462339988302510366e-05
1.561561561561561895e+00,6.270229068475087431e+00,6.270323382869565698e+00,1.504139240026012134e-05
1.576576576576576905e+00,6.237322464577921721e+00,6.237417082585672290e+00,1.516942133222644226e-05
1.591591591591591914e+00,6.205456232091331792e+00,6.205552470023390832e+00,1.550835844575129574e-05
1.606606606606606924e+00,6.174624553356114376e+00,6.174722635568012485e+00,1.588447249972499032e-05
1.621621621621621934e+00,6.144823435901766828e+00,6.144923691979610858e+00,1.631526815782669218e-05
1.636636636636636943e+00,6.116050779591433617e+00,6.116153376702520461e+00,1.677477734251303014e-05
1.651651651651651953e+00,6.088306458714625613e+00,6.088411651966811888e+00,1.727761823599648571e-05
1.666666666666666963e+00,6.061592420836420914e+00,6.061700379272286554e+00,1.780992611162364654e-05
1.681681681681681972e+00,6.035912804574789625e+00,6.036023360782902358e+00,1.831606697068738005e-05
1.696696696696696982e+00,6.011274078854902392e+00,6.011388252062204174e+00,1.899281871581243747e-05
1.711711711711711992e+00,5.987685206757999090e+00,5.987803418789344079e+00,1.974213631897914391e-05
1.726726726726727001e+00,5.965157837717388389e+00,5.965280603188717556e+00,2.057999941587714115e-05
1.741741741741742011e+00,5.943706532650997687e+00,5.943834250557365806e+00,2.148746095269101489e-05
1.756756756756757021e+00,5.923349027500798947e+00,5.923482267947836277e+00,2.249360106272269859e-05
1.771771771771772030e+00,5.904106541929510676e+00,5.904245864393489640e+00,2.359699565005758096e-05
1.786786786786787040e+00,5.886004141471517848e+00,5.886149637619034536e+00,2.471839087929505969e-05
1.801801801801802050e+00,5.869071163310227490e+00,5.869224169831397830e+00,2.606929242144375965e-05
1.816816816816817060e+00,5.853341718320431930e+00,5.853503083122953754e+00,2.756721919000558495e-05
1.831831831831832069e+00,5.838855285135353235e+00,5.839025953567685612e+00,2.922892168823079838e-05
1.846846846846847079e+00,5.825657416169097047e+00,5.825838501847159456e+00,3.108319566445132999e-05
1.861861861861862089e+00,5.813800580699014731e+00,5.813928385564150148e+00,2.198253171689445269e-05
1.876876876876877098e+00,5.803345177248381503e+00,5.803481796360422607e+00,2.354088749391477234e-05
1.891891891891892108e+00,5.794360756731934181e+00,5.794507322096493773e+00,2.529384405136340911e-05
1.906906906906907118e+00,5.786927510799711349e+00,5.787085365693286576e+00,2.727709781352357702e-05
1.921921921921922127e+00,5.781138096696295747e+00,5.781308591078896164e+00,2.949062135577846884e-05
1.936936936936937137e+00,5.777099894176568995e+00,5.777285118307666778e+00,3.206075644610744139e-05
1.951951951951952147e+00,5.774937824000395459e+00,5.775140014417450729e+00,3.501047880233350697e-05
1.966966966966967156e+00,5.774797905609236892e+00,5.774920685202350690e+00,2.126082760381590542e-05
1.981981981981982166e+00,5.776851802684143777e+00,5.776986670822013004e+00,2.334575887986871929e-05
1.996996996996997176e+00,5.781302710478966489e+00,5.781451719912252152e+00,2.577370537791578127e-05
2.012012012012012185e+00,5.788393100585951245e+00,5.788558801313251401e+00,2.862555827584628538e-05
2.027027027027027195e+00,5.798415091196656768e+00,5.798600649406729701e+00,3.200051551953634607e-05
2.042042042042042205e+00,5.811724620077949766e+00,5.811934073849227111e+00,3.603856627001022860e-05
2.057057057057057214e+00,5.828761286363447702e+00,5.828941285926765303e+00,3.088031848119434768e-05
2.072072072072072224e+00,5.850076926349227158e+00,5.850284026113402369e+00,3.539995037006722059e-05
2.087087087087087234e+00,5.876378197906281464e+00,5.876619158706015256e+00,4.100330363876244903e-05
2.102102102102102243e+00,5.908592761184942255e+00,5.908799101633348982e+00,3.492087729800963343e-05
2.117117117117117253e+00,5.947977716935513470e+00,5.948223001223170492e+00,4.123656554345428080e-05
2.132132132132132263e+00,5.996309960637469239e+00,5.996540787262328642e+00,3.849329689372224555e-05
2.147147147147147273e+00,6.056253276848166500e+00,6.056495245596941857e+00,3.995194233022259211e-05
2.162162162162162282e+00,6.132170495084746875e+00,6.132429401394578150e+00,4.221920757414621600e-05
2.177177177177177292e+00,6.232374421505514128e+00,6.232658045731284346e+00,4.550614259424531823e-05
2.192192192192192302e+00,6.379280088782085301e+00,6.379649203463426232e+00,5.785814698722688829e-05
2.207207207207207311e+00,6.628652878242105473e+00,6.628685513735045554e+00,4.923373249863486562e-06
2.222222222222222321e+00,6.773622920707466299e+00,6.773623357051908656e+00,6.441817316308303230e-08
2.237237237237237331e+00,6.858088461676222991e+00,6.858079868187498818e+00,1.253045880091882426e-06
2.252252252252252340e+00,6.898956103718418831e+00,6.898764175754622308e+00,2.782062973989528213e-05
2.267267267267267350e+00,6.903902900852695090e+00,6.903754281544371096e+00,2.152731720497267913e-05
2.282282282282282360e+00,6.877753062328351596e+00,6.877603700959571853e+00,2.171706531431934767e-05
2.297297297297297369e+00,6.824039395077722503e+00,6.823880579832395377e+00,2.327345027058299779e-05
2.312312312312312379e+00,6.745592893784052357e+00,6.745371026987621477e+00,3.289171129997322065e-05
2.327327327327327389e+00,6.644818953012594953e+00,6.644675844901732020e+00,2.153725993612398356e-05
2.342342342342342398e+00,6.523845828783684020e+00,6.523688740544291598e+00,2.407966499323140050e-05
2.357357357357357408e+00,6.384612812342826516e+00,6.384481426664577519e+00,2.057891149941613195e-05
2.372372372372372418e+00,6.228927003832575693e+00,6.228838908083987214e+00,1.414320548154580542e-05
2.387387387387387427e+00,6.058502631042649078e+00,6.058444791857505507e+00,9.546870051750978473e-06
2.402402402402402437e+00,5.874990344055579961e+00,5.874890175313190355e+00,1.705031743580905779e-05
2.417417417417417447e+00,5.680000847475445092e+00,5.679921340232496618e+00,1.399794789151408508e-05
2.432432432432432456e+00,5.475125747954107780e+00,5.475045355519309709e+00,1.468342809562823655e-05
2.447447447447447466e+00,5.261957850984024354e+00,5.261903804657277028e+00,1.027124948568798034e-05
2.462462462462462476e+00,5.042113058834658545e+00,5.042075962189325189e+00,7.357415003571024257e-06
2.477477477477477485e+00,4.817256485483921047e+00,4.817233673252896864e+00,4.735545869581765171e-06
2.492492492492492495e+00,4.589136666681508103e+00,4.589159304326370759e+00,4.932852263662746503e-06
2.507507507507507505e+00,4.359634550191807456e+00,4.359659039964316030e+00,5.617359588004383545e-06
2.522522522522522515e+00,4.130840340333055138e+00,4.130849234145981264e+00,2.153022882706065242e-06
2.537537537537537524e+00,3.905187375340832379e+00,3.905215837174818461e+00,7.288159009073468898e-06
2.552552552552552534e+00,3.685720339278542923e+00,3.685739202240723156e+00,5.117823357866756393e-06
2.567567567567567544e+00,3.476765708577757241e+00,3.476801501056578036e+00,1.029465697420982263e-05
2.582582582582582553e+00,3.286674136972188798e+00,3.286698277898101761e+00,7.345038659405561630e-06
2.597597597597597563e+00,3.236465120437505227e+00,3.236612603035786240e+00,4.556696039021810739e-05
2.612612612612612573e+00,3.225057962075537077e+00,3.225205340339976079e+00,4.569577713258609524e-05
2.627627627627627582e+00,3.213798777019008401e+00,3.213946079960287694e+00,4.583242456921139636e-05
2.642642642642642592e+00,3.202685899814110115e+00,3.202833156896732980e+00,4.597713193575904753e-05
2.657657657657657602e+00,3.191717715589803550e+00,3.191864956795487096e+00,4.613014888680333828e-05
2.672672672672672611e+00,3.180892659452675630e+00,3.181039915197709345e+00,4.629169987153773229e-05
2.687687687687687621e+00,3.170209215579384399e+00,3.170356516833069627e+00,4.646204706099430577e-05
2.702702702702702631e+00,3.159665916714137879e+00,3.159813294959632035e+00,4.664144103996472463e-05
2.717717717717717640e+00,3.149261343483864550e+00,3.149408830750007215e+00,4.683014307403914490e-05
2.732732732732732650e+00,3.138994123805979530e+00,3.139141752722857781e+00,4.702843277153668323e-05
2.747747747747747660e+00,3.128862932464956170e+00,3.129010736216510935e+00,4.723657539554621172e-05
2.762762762762762669e+00,3.118866490539317304e+00,3.119014502910205877e+00,4.745485176502686758e-05
2.777777777777777679e+00,3.109003564950276743e+00,3.109151820386063747e+00,4.768356270508357592e-05
2.792792792792792689e+00,3.099272968224943803e+00,3.099421476234184958e+00,4.791475131081337661e-05
2.807807807807807698e+00,3.089673557948543259e+00,3.089822381113033423e+00,4.816560505220818906e-05
2.822822822822822708e+00,3.080204236522491090e+00,3.080353411206063097e+00,4.842778202959494645e-05
2.837837837837837718e+00,3.070863951068580455e+00,3.071013514209190109e+00,4.870155729294077177e-05
2.852852852852852727e+00,3.061651692907385591e+00,3.061801682186871432e+00,4.898726144101911965e-05
2.867867867867867737e+00,3.052566497650218480e+00,3.052716951395847200e+00,4.928519349293935620e-05
2.882882882882882747e+00,3.043607444960616082e+00,3.043758402151154119e+00,4.959565464570019966e-05
2.897897897897897757e+00,3.034773658337255764e+00,3.034925158736426098e+00,4.991899017154375549e-05
2.912912912912912766e+00,3.026064305386288567e+00,3.026216389357049508e+00,5.025548447090822090e-05
2.927927927927927776e+00,3.017478597315130351e+00,3.017631306138810032e+00,5.060552737805433402e-05
2.942942942942942786e+00,3.009015788761358667e+00,3.009169165170793026e+00,5.096968665291134852e-05
2.957957957957957795e+00,3.000675178556109657e+00,3.000829266592754063e+00,5.134848502039681463e-05
2.972972972972972805e+00,2.992456109434980860e+00,2.992610954729727268e+00,5.174254090785853646e-05
2.987987987987987815e+00,2.984357968597638244e+00,2.984513618271534607e+00,5.215244217465048285e-05
3.003003003003003712e+00,2.976380187739217753e+00,2.976536690499394844e+00,5.257881103116292037e-05
3.018018018018018722e+00,2.968522243241498160e+00,2.968679649560679756e+00,5.302233240453897462e-05
3.033033033033033732e+00,2.960783656846616374e+00,2.960830322494733657e+00,1.576100047434121556e-05
3.048048048048048742e+00,2.953163995568386824e+00,2.953210988560269534e+00,1.591250745874417716e-05
3.063063063063063751e+00,2.945662872523293618e+00,2.945710216871816112e+00,1.607230346397429437e-05
3.078078078078078761e+00,2.938279947096327671e+00,2.938327667690772582e+00,1.624073277110534355e-05
3.093093093093093771e+00,2.931014925643206759e+00,2.931063048193523812e+00,1.641812186425413878e-05
3.108108108108108780e+00,2.923867562024191180e+00,2.923916113042630105e+00,1.660479184828685353e-05
3.123123123123123790e+00,2.916837658101604003e+00,2.916886665012265567e+00,1.680110209607961765e-05
3.138138138138138800e+00,2.909925064719158350e+00,2.909974555669980312e+00,1.700734830328009620e-05
3.153153153153153809e+00,2.903129682090990649e+00,2.903179686109578661e+00,1.722388001929723827e-05
3.168168168168168819e+00,2.896451460885008267e+00,2.896502007740743068e+00,1.745099972301669187e-05
3.183183183183183829e+00,2.889890402891552856e+00,2.889941523137213863e+00,1.768902424209362257e-05
3.198198198198198838e+00,2.883446561896018334e+00,2.883498286937920874e+00,1.793829465300911813e-05
3.213213213213213848e+00,2.877120044958463296e+00,2.877172406808258920e+00,1.819906574653627689e-05
3.228228228228228858e+00,2.870911012979603161e+00,2.870964044457128939e+00,1.847166202870561869e-05
3.243243243243243867e+00,2.864819682192370376e+00,2.864873416712666376e+00,1.875633317078936624e-05
3.258258258258258877e+00,2.858846325000237165e+00,2.858900796656323351e+00,1.905335650327357285e-05
3.273273273273273887e+00,2.852991271343841007e+00,2.853046514811588885e+00,1.936297479241300986e-05
3.288288288288288896e+00,2.847254909853838445e+00,2.847310960392409829e+00,1.968542928787065464e-05
3.303303303303303906e+00,2.841637689481083751e+00,2.841694582604378461e+00,2.002084377504363141e-05
3.318318318318318916e+00,2.836140120141079191e+00,2.836197892000861920e+00,2.036947419842158541e-05
3.333333333333333925e+00,2.830762774941544269e+00,2.830821461890336899e+00,2.073142004280293377e-05
3.348348348348348935e+00,2.825506291117493074e+00,2.825565929791070907e+00,2.110680658661642743e-05
3.363363363363363945e+00,2.820371371832283369e+00,2.820431998932019013e+00,2.149567859058503329e-05
3.378378378378378954e+00,2.815358787487034053e+00,2.815420439792222673e+00,2.189808112395805171e-05
3.393393393393393964e+00,2.810469377548897363e+00,2.810532138555955406e+00,2.233064913119604551e-05
3.408408408408408974e+00,2.805704052082771849e+00,2.805767911656834368e+00,2.276010563710861758e-05
3.423423423423423984e+00,2.801063793239498168e+00,2.801128787273176268e+00,2.320280094703203495e-05
3.438438438438438993e+00,2.796549656991661248e+00,2.796615820836570343e+00,2.365853915869755588e-05
3.453453453453454003e+00,2.792162775062861702e+00,2.792229817542613013e+00,2.401037311832525707e-05
3.468468468468469013e+00,2.787904355977016913e+00,2.787972617015993748e+00,2.448411385399344777e-05
3.483483483483484022e+00,2.783775687104782293e+00,2.783845218824005929e+00,2.497686248986547315e-05
3.498498498498499032e+00,2.779778136093805863e+00,2.779848968908046114e+00,2.548081389762528053e-05
3.513513513513514042e+00,2.775913152099247494e+00,2.775985314576693508e+00,2.599526628152132584e-05
3.528528528528529051e+00,2.772182267499590846e+00,2.772255785772357761e+00,2.651929635938424926e-05
3.543543543543544061e+00,2.768587098539323499e+00,2.768661996211680076e+00,2.705193788879210067e-05
3.558558558558559071e+00,2.765129347080641953e+00,2.765205644332634716e+00,2.759189073302242964e-05
3.573573573573574080e+00,2.761810799298840990e+00,2.761888514000384376e+00,2.813824712671752443e-05
3.588588588588589090e+00,2.758633323098810042e+00,2.758712474916969803e+00,2.869157945216598148e-05
3.603603603603604100e+00,2.755598869257639194e+00,2.755679482666722357e+00,2.925355056356274675e-05
3.618618618618619109e+00,2.752709475692475927e+00,2.752791578326084121e+00,2.982522696401126500e-05
3.633633633633634119e+00,2.749967262927111911e+00,2.750050887543924460e+00,3.040838887430012260e-05
3.648648648648649129e+00,2.747374435964669459e+00,2.747459618998234987e+00,3.100428955406701957e-05
3.663663663663664138e+00,2.744933276908360309e+00,2.745020062103092684e+00,3.161550472089616183e-05
3.678678678678679148e+00,2.742646144285053378e+00,2.742688387153261687e+00,1.540199331654812517e-05
3.693693693693694158e+00,2.740515469417140526e+00,2.740558297494016582e+00,1.562750075968757623e-05
3.708708708708709167e+00,2.738543750287349532e+00,2.738587171182150115e+00,1.585521733888790085e-05
3.723723723723724177e+00,2.736733545974714410e+00,2.736777580815666244e+00,1.609003276718972528e-05
3.738738738738739187e+00,2.735087467278728202e+00,2.735132180028100546e+00,1.634756436958922048e-05
3.753753753753754197e+00,2.733608166499748027e+00,2.733653547022973473e+00,1.660068565560087278e-05
3.768768768768769206e+00,2.732298324760649155e+00,2.732344413344927059e+00,1.686777993755261113e-05
3.783783783783784216e+00,2.731160636477289572e+00,2.731207481875458587e+00,1.715190020527025672e-05
3.798798798798799226e+00,2.730197791595332824e+00,2.730245451008940449e+00,1.745609120601727027e-05
3.813813813813814235e+00,2.729412452739318429e+00,2.729460992855484491e+00,1.778377353371930240e-05
3.828828828828829245e+00,2.728807231005851985e+00,2.728856727455817754e+00,1.813816367410240330e-05
3.843843843843844255e+00,2.728384654120888264e+00,2.728435192421211575e+00,1.852281500535220057e-05
3.858858858858859264e+00,2.728147131597064678e+00,2.728198807344103471e+00,1.894134214108069567e-05
3.873873873873874274e+00,2.728096913644038057e+00,2.728149843197098967e+00,1.940126316481281690e-05
3.888888888888889284e+00,2.728236042073069356e+00,2.728290615637872563e+00,2.000284151930315700e-05
3.903903903903904293e+00,2.728566295816619469e+00,2.728622352182687116e+00,2.054383451883930609e-05
3.918918918918919303e+00,2.729089123988668764e+00,2.729146798569805465e+00,2.113282479598602997e-05
3.933933933933934313e+00,2.729805574054327888e+00,2.729865007152973977e+00,2.177144235717090823e-05
3.948948948948949322e+00,2.730716207194877843e+00,2.730777555316091565e+00,2.246544069263130202e-05
3.963963963963964332e+00,2.731820997880657576e+00,2.731884422158985970e+00,2.321631098810204673e-05
3.978978978978979342e+00,2.733119227937818252e+00,2.733184895488775190e+00,2.402601853439369892e-05
3.993993993993994351e+00,2.734609360413518431e+00,2.734677442742615039e+00,2.489592667584525866e-05
4.009009009009009361e+00,2.736288899619615744e+00,2.736359570726306423e+00,2.582668865843546613e-05
4.024024024024024371e+00,2.738154235167142403e+00,2.738227668861362485e+00,2.681796515868889927e-05
4.039039039039039380e+00,2.740200468631070141e+00,2.740276835190766924e+00,2.786819153308901548e-05
4.054054054054054390e+00,2.742421222454535901e+00,2.742500684754908047e+00,2.897439581833598728e-05
4.069069069069069400e+00,2.744808432068981396e+00,2.744891140466673374e+00,3.013175876909845901e-05
4.084084084084084409e+00,2.747352120777690310e+00,2.747438207323164683e+00,3.133338731510450817e-05
4.099099099099099419e+00,2.750040159381339055e+00,2.750098632125321796e+00,2.126205340408161338e-05
4.114114114114114429e+00,2.752858015360842625e+00,2.752918715513998027e+00,2.204938083108950490e-05
4.129129129129129439e+00,2.755788494310904113e+00,2.755851735978493533e+00,2.294813859678312639e-05
4.144144144144144448e+00,2.758811477080739039e+00,2.758877243873397056e+00,2.383824536016051454e-05
4.159159159159159458e+00,2.761903648834975744e+00,2.761971905918315429e+00,2.471317075797337267e-05
4.174174174174174468e+00,2.765038828215368838e+00,2.765108961434863843e+00,2.536363683064848812e-05
4.189189189189189477e+00,2.768186124189434327e+00,2.768258015497865099e+00,2.596987276052085118e-05
4.204204204204204487e+00,2.771311412453187906e+00,2.771385298671525277e+00,2.666039196094056085e-05
4.219219219219219497e+00,2.774376704904291113e+00,2.774452061608088993e+00,2.716093200550833689e-05
4.234234234234234506e+00,2.777340146338836746e+00,2.777416749602991342e+00,2.758075977094374021e-05
4.249249249249249516e+00,2.780156118992153313e+00,2.780233700177528355e+00,2.790455542283658809e-05
4.264264264264264526e+00,2.782775476215649579e+00,2.782853720243737783e+00,2.811647177824009740e-05
4.279279279279279535e+00,2.785145923986779515e+00,2.785224474444785159e+00,2.820255915685304058e-05
4.294294294294294545e+00,2.787212565108910578e+00,2.787291023832371373e+00,2.814873753402266697e-05
4.309309309309309555e+00,2.788918614496651571e+00,2.788996548491885719e+00,2.794338174290289311e-05
4.324324324324324564e+00,2.790206283846342838e+00,2.790283233505029159e+00,2.757772320828513559e-05
4.339339339339339574e+00,2.791017824128707137e+00,2.791093315049716139e+00,2.704707886402501137e-05
4.354354354354354584e+00,2.791296700420996757e+00,2.791370251483308529e+00,2.634944693298480378e-05
4.369369369369369593e+00,2.790988859699185198e+00,2.791060002120550720e+00,2.548939159726789044e-05
4.384384384384384603e+00,2.790044047004899053e+00,2.790112337171386514e+00,2.447577668384988634e-05
4.399399399399399613e+00,2.788417104304959260e+00,2.788482139221776013e+00,2.332269441571652982e-05
4.414414414414414622e+00,2.786069195844494306e+00,2.786163694308135597e+00,3.391705370159754505e-05
4.429429429429429632e+00,2.782968881966220831e+00,2.783057515464023801e+00,3.184752643827130041e-05
4.444444444444444642e+00,2.779093013913472632e+00,2.779175438283978394e+00,2.965785080363839157e-05
4.459459459459459651e+00,2.774427362563940402e+00,2.774503358910391349e+00,2.739097294904395001e-05
4.474474474474474661e+00,2.768966980391859067e+00,2.769036460950498935e+00,2.509196235574932048e-05
4.489489489489489671e+00,2.762716267944965054e+00,2.762779358940887775e+00,2.283606025886446343e-05
4.504504504504504681e+00,2.755688750830621814e+00,2.755745537596363093e+00,2.060667974112371476e-05
4.519519519519519690e+00,2.747906588259875882e+00,2.747957380394850269e+00,1.848359633841499829e-05
4.534534534534534700e+00,2.739399846842162756e+00,2.739444883840902456e+00,1.644019158967534322e-05
4.549549549549549710e+00,2.730205585917702571e+00,2.730291707082199260e+00,3.154284367245298201e-05
4.564564564564564719e+00,2.720366804481632705e+00,2.720442696425761309e+00,2.789690965676779044e-05
4.579579579579579729e+00,2.709931303765833022e+00,2.709998702661460257e+00,2.487045309691241060e-05
4.594594594594594739e+00,2.698950516798811705e+00,2.699010337329960763e+00,2.216387626296971059e-05
4.609609609609609748e+00,2.687478351449608116e+00,2.687531934003573930e+00,1.993745759366402970e-05
4.624624624624624758e+00,2.675570086931877256e+00,2.675618756964530220e+00,1.819019713712132817e-05
4.639639639639639768e+00,2.663281354855667971e+00,2.663326365061386092e+00,1.689999630108560624e-05
4.654654654654654777e+00,2.650667228508616358e+00,2.650806476137482104e+00,5.253028846852880870e-05
4.669669669669669787e+00,2.637781434455186425e+00,2.637915592671557619e+00,5.085766077728245038e-05
4.684684684684684797e+00,2.624675693779627839e+00,2.624808066618822711e+00,5.043143568412969592e-05
4.699699699699699806e+00,2.611399193657028661e+00,2.611532695559285688e+00,5.112013435023696830e-05
4.714714714714714816e+00,2.597998184396487442e+00,2.598135634444504571e+00,5.290333814559177307e-05
4.729729729729729826e+00,2.584515693732285069e+00,2.584559817874905185e+00,1.707220793070934474e-05
4.744744744744744835e+00,2.570991346762821372e+00,2.571037705050311040e+00,1.803096368388737745e-05
4.759759759759759845e+00,2.557459361935789044e+00,2.557510290300990530e+00,1.991325915466486777e-05
4.774774774774774855e+00,2.543955958315711197e+00,2.544010131066864133e+00,2.129423562091655933e-05
4.789789789789789864e+00,2.530508682833657819e+00,2.530566329772264034e+00,2.278025196494373028e-05
4.804804804804804874e+00,2.517143400857333901e+00,2.517204706080001575e+00,2.435448436895031800e-05
4.819819819819819884e+00,2.503882792612734942e+00,2.503947845073323464e+00,2.597995829526421698e-05
4.834834834834834894e+00,2.490749836454400956e+00,2.490815389626857446e+00,2.631795705514323753e-05
4.849849849849849903e+00,2.477754906243347932e+00,2.477824498597631653e+00,2.808607079440359855e-05
4.864864864864864913e+00,2.464915425009455596e+00,2.464988742342370642e+00,2.974347576345351179e-05
4.879879879879879923e+00,2.452243280141000792e+00,2.452278325221463273e+00,1.429082502668878049e-05
4.894894894894894932e+00,2.439748187701775262e+00,2.439784915175562396e+00,1.505357032035423095e-05
4.909909909909909942e+00,2.427437900908053336e+00,2.427476249981520340e+00,1.579791912167843971e-05
4.924924924924924952e+00,2.415318412286160843e+00,2.415358354190384471e+00,1.653663695672045320e-05
4.939939939939939961e+00,2.403394143229326652e+00,2.403435645335972204e+00,1.726782521765870149e-05
4.954954954954954971e+00,2.391668123494295806e+00,2.391711151027922089e+00,1.799027178001427426e-05
4.969969969969969981e+00,2.380142157739547848e+00,2.380186682625875516e+00,1.870646813238501923e-05
4.984984984984984990e+00,2.368816977814293345e+00,2.368862686132684470e+00,1.929546978754860200e-05
5.000000000000000000e+00,2.357692383277600445e+00,2.357739829427988987e+00,2.012357334611105322e-05
5.015015015015015010e+00,2.346764504303096022e+00,2.346816194695149349e+00,2.202575223836050639e-05
5.030030030030030019e+00,2.336037515260283914e+00,2.336090410969175579e+00,2.264283464513685307e-05
5.045045045045045029e+00,2.325506128036578524e+00,2.325560194774901834e+00,2.324890942181952265e-05
5.060060060060060039e+00,2.315167559081286353e+00,2.315222766012168254e+00,2.384519178558011608e-05
5.075075075075075048e+00,2.305018609511464422e+00,2.305074929242044934e+00,2.443292834694572627e-05
5.090090090090090058e+00,2.295055737042616784e+00,2.295113145544673827e+00,2.501336466504334281e-05
5.105105105105105068e+00,2.285275119549031064e+00,2.285333595759650560e+00,2.558760380891271090e-05
5.120120120120120077e+00,2.275672710085916872e+00,2.275732230900064046e+00,2.615457712423086887e-05
5.135135135135135087e+00,2.266244285440203399e+00,2.266304840369962825e+00,2.671967542969253570e-05
5.150150150150150097e+00,2.256985488335442991e+00,2.257047064403165049e+00,2.728169416278454376e-05
5.165165165165165106e+00,2.247891863259013245e+00,2.247954453734604563e+00,2.784330237978525728e-05
5.180180180180180116e+00,2.238958888256833202e+00,2.239022480574905938e+00,2.840182205602850528e-05
5.195195195195195126e+00,2.230182001480603304e+00,2.230246589097159227e+00,2.895985442671090710e-05
5.210210210210210136e+00,2.221556624107386746e+00,2.221622202148477498e+00,2.951808864141416280e-05
5.225225225225225145e+00,2.213078179355629338e+00,2.213144744720679569e+00,3.007727588040424199e-05
5.240240240240240155e+00,2.204742109403667438e+00,2.204809660244238412e+00,3.063794657153784542e-05
5.255255255255255165e+00,2.196543888411170098e+00,2.196612424201314973e+00,3.120067490731514014e-05
5.270270270270270174e+00,2.188479034230864873e+00,2.188548555405762208e+00,3.176588187893609246e-05
5.285285285285285184e+00,2.180543117105479656e+00,2.180613625253803534e+00,3.233408592302607169e-05
5.300300300300300194e+00,2.172731767733242947e+00,2.172803265217485347e+00,3.290564101542961756e-05
5.315315315315315203e+00,2.165040682921683057e+00,2.165113172823299958e+00,3.348088336757685255e-05
5.330330330330330213e+00,2.157465630481980146e+00,2.157514568526519128e+00,2.268260212602150170e-05
5.345345345345345223e+00,2.150002452321865043e+00,2.150052024711460952e+00,2.305636748606652091e-05
5.360360360360360232e+00,2.142647067613384859e+00,2.142697278739102984e+00,2.343360689181075971e-05
5.375375375375375242e+00,2.135395474227246737e+00,2.135446328679797112e+00,2.381443722906162721e-05
5.390390390390390252e+00,2.128243750178660409e+00,2.128295252513127345e+00,2.419886733577982795e-05
5.405405405405405261e+00,2.121188053758428893e+00,2.121240208713460973e+00,2.458701038092807133e-05
5.420420420420420271e+00,2.114224624283766119e+00,2.114277214736274946e+00,2.487396266784585344e-05
5.435435435435435281e+00,2.107349781164538971e+00,2.107403031310548513e+00,2.526813581378752947e-05
5.450450450450450290e+00,2.100559924013444935e+00,2.100614043419224863e+00,2.576361228730872182e-05
5.465465465465465300e+00,2.093851531211741612e+00,2.093906319347979661e+00,2.616551453701573802e-05
5.480480480480480310e+00,2.087221159688099625e+00,2.087276620391775861e+00,2.657084505925513126e-05
5.495495495495495319e+00,2.080665443184062102e+00,2.080721580074439636e+00,2.697953004146068408e-05
5.510510510510510329e+00,2.074181091510663766e+00,2.074237907821831151e+00,2.739141491587522646e-05
5.525525525525525339e+00,2.067764889133631101e+00,2.067822387776950599e+00,2.780637430921370826e-05
5.540540540540540349e+00,2.061413694161609911e+00,2.061471877610525194e+00,2.822422636331296420e-05
5.555555555555555358e+00,2.055124437253770253e+00,2.055183307354713662e+00,2.864469594159090791e-05
5.570570570570570368e+00,2.048894120213843983e+00,2.048953678287213975e+00,2.906755482133610910e-05
5.585585585585585378e+00,2.042719814883537044e+00,2.042780061885455467e+00,2.949265221573391308e-05
5.600600600600600387e+00,2.036598663000220633e+00,2.036659598873971966e+00,2.991951810946878948e-05
5.615615615615615397e+00,2.030527874124983256e+00,2.030589498377548541e+00,3.034796181824167883e-05
5.630630630630630407e+00,2.024504725677561900e+00,2.024567037197964048e+00,3.077770172944611693e-05
5.645645645645645416e+00,2.018526562601635099e+00,2.018589559225529406e+00,3.120823825051229918e-05
5.660660660660660426e+00,2.012590795968054458e+00,2.012654474996680598e+00,3.163932479083136874e-05
5.675675675675675436e+00,2.006694903780863903e+00,2.006759261406014794e+00,3.207042637780024359e-05
5.690690690690690445e+00,2.000836429927762783e+00,2.000901463358742749e+00,3.250206577929129010e-05
5.705705705705705455e+00,1.995012984704030545e+00,1.995078686746073471e+00,3.293205550207345292e-05
5.720720720720720465e+00,1.989222245086704755e+00,1.989288609215630776e+00,3.336073439448742831e-05
5.735735735735735474e+00,1.983461954798936722e+00,1.983528973572617815e+00,3.378764544103587763e-05
5.750750750750750484e+00,1.977729925300152347e+00,1.977797590102072345e+00,3.421219757705618709e-05
5.765765765765765494e+00,1.972024036156298843e+00,1.972092337336010193e+00,3.463386496578248945e-05
5.780780780780780503e+00,1.966342236264636334e+00,1.966411163004931018e+00,3.505204892620453455e-05
5.795795795795795513e+00,1.960682544785779857e+00,1.960751861134480301e+00,3.535192294058937237e-05
5.810810810810810523e+00,1.955043052617770005e+00,1.955112968472570101e+00,3.576051917589050084e-05
5.825825825825825532e+00,1.949421924115963600e+00,1.949461800617810603e+00,2.045513373709874363e-05
5.840840840840840542e+00,1.943817398023973908e+00,1.943857570558369163e+00,2.066639809608878674e-05
5.855855855855855552e+00,1.938227790114361859e+00,1.938268249573927404e+00,2.087402482831714716e-05
5.870870870870870561e+00,1.932651495126477714e+00,1.932692231510524383e+00,2.107753287487004157e-05
5.885885885885885571e+00,1.927086988418723390e+00,1.927127991204042656e+00,2.127662796991926691e-05
5.900900900900900581e+00,1.921532829065533354e+00,1.921574086851858931e+00,2.147082780095674865e-05
5.915915915915915591e+00,1.915987661683358656e+00,1.916029162537580710e+00,2.165982388654801185e-05
5.930930930930930600e+00,1.910450219819260109e+00,1.910491950904150027e+00,2.184310950389938761e-05
5.945945945945945610e+00,1.904919327977309562e+00,1.904961279974229704e+00,2.202249324495959951e-05
5.960960960960960620e+00,1.899393905392045667e+00,1.899436057713360437e+00,2.219201912251536279e-05
5.975975975975975629e+00,1.893872968296931969e+00,1.893915308495502270e+00,2.235590914777246859e-05
5.990990990990990639e+00,1.888355633696502389e+00,1.888398146120983778e+00,2.251242650746882885e-05
6.006006006006005649e+00,1.882841122035836534e+00,1.882883801778845401e+00,2.266722087074363575e-05
6.021021021021020658e+00,1.877328761124376078e+00,1.877371580155380526e+00,2.280796804269541225e-05
6.036036036036035668e+00,1.871817988880444927e+00,1.871860929720078559e+00,2.294018692940674828e-05
6.051051051051050678e+00,1.866308357320467293e+00,1.866351423650302932e+00,2.307514506105609161e-05
6.066066066066065687e+00,1.860799535522306147e+00,1.860842687214663282e+00,2.318932849811458565e-05
6.081081081081080697e+00,1.855291313633864902e+00,1.855334531255819597e+00,2.329370861514745475e-05
6.096096096096095707e+00,1.849783605578166901e+00,1.849826869375511995e+00,2.338802515053745883e-05
6.111111111111110716e+00,1.844276453348908440e+00,1.844319742815144103e+00,2.347177944838710960e-05
6.126126126126125726e+00,1.838770029366516567e+00,1.838813323830304602e+00,2.354478468638204744e-05
6.141141141141140736e+00,1.833264640744849183e+00,1.833307919000045194e+00,2.360664825994778762e-05
6.156156156156155745e+00,1.827760731960831331e+00,1.827803917156546554e+00,2.362682085855506212e-05
6.171171171171170755e+00,1.822258887904799840e+00,1.822302236197038239e+00,2.378765244170598573e-05
6.186186186186185765e+00,1.816769049876435949e+00,1.816803110614807926e+00,1.874762222332991649e-05
6.201201201201200774e+00,1.811274311206076959e+00,1.811307631598288781e+00,1.839576647861864138e-05
6.216216216216215784e+00,1.805784261407074931e+00,1.805816823350036904e+00,1.803169764559283276e-05
6.231231231231230794e+00,1.800300073676408541e+00,1.800331841726657611e+00,1.764566371197558509e-05
6.246246246246245803e+00,1.794823076935152084e+00,1.794854057077905907e+00,1.726053582554754073e-05
6.261261261261260813e+00,1.789354754089633293e+00,1.789384935434836787e+00,1.686688236042435058e-05
6.276276276276275823e+00,1.783896748444422364e+00,1.783926112425357591e+00,1.646031230256743470e-05
6.291291291291290833e+00,1.778450860988371351e+00,1.778479409781534404e+00,1.605236080105040803e-05
6.306306306306305842e+00,1.773019054935810246e+00,1.773046784119069130e+00,1.563928459601337205e-05
6.321321321321320852e+00,1.767603455011972358e+00,1.767630363324713683e+00,1.522281654560034006e-05
6.336336336336335862e+00,1.762206350886971640e+00,1.762232438697125314e+00,1.480384175254536246e-05
6.351351351351350871e+00,1.756830194060788886e+00,1.756855465649741266e+00,1.438455777751415655e-05
6.366366366366365881e+00,1.751477601227046321e+00,1.751502064162756778e+00,1.396683236119968274e-05
6.381381381381380891e+00,1.746151355242983483e+00,1.746175018987267347e+00,1.355175971855797892e-05
6.396396396396395900e+00,1.740854401380982575e+00,1.740877279607225159e+00,1.314178001550226358e-05
6.411411411411410910e+00,1.735589849997069889e+00,1.735611959966964601e+00,1.273900526424888026e-05
6.426426426426425920e+00,1.730360976795550343e+00,1.730382337976667406e+00,1.234477528361789547e-05
6.441441441441440929e+00,1.725171218434768283e+00,1.725191854809023262e+00,1.196178511824882523e-05
6.456456456456455939e+00,1.720024174790459881e+00,1.720044114003701941e+00,1.159226852365286612e-05
6.471471471471470949e+00,1.714923608186402992e+00,1.714942880400852632e+00,1.123781711326422000e-05
6.486486486486485958e+00,1.709873439162914455e+00,1.709892078923985315e+00,1.090113306015765716e-05
6.501501501501500968e+00,1.704877747480388672e+00,1.704895793237965584e+00,1.058466895659316881e-05
6.516516516516515978e+00,1.699940771693816410e+00,1.699958264310713840e+00,1.029002726988867677e-05
6.531531531531530987e+00,1.695066904184965972e+00,1.695083855972458364e+00,1.000055981458614737e-05
6.546546546546545997e+00,1.690260692312884006e+00,1.690276926658063505e+00,9.604547588304208864e-06
6.561561561561561007e+00,1.685526838072370470e+00,1.685542660995383191e+00,9.387435500075912501e-06
6.576576576576576016e+00,1.680870191807727121e+00,1.680885658585318687e+00,9.201564373262312085e-06
6.591591591591591026e+00,1.676295755574952473e+00,1.676336953993883716e+00,2.457645453265681296e-05
6.606606606606606036e+00,1.671808681348397885e+00,1.671849184748418482e+00,2.422670680471232778e-05
6.621621621621621046e+00,1.667414265469595369e+00,1.667454133921068005e+00,2.390977398513724998e-05
6.636636636636636055e+00,1.663117954566945222e+00,1.663157249250808656e+00,2.362655959388938834e-05
6.651651651651651065e+00,1.658925338157470453e+00,1.658964095458487220e+00,2.336235071203039161e-05
6.666666666666666075e+00,1.654842153502842805e+00,1.654880467700190483e+00,2.315224458532841529e-05
6.681681681681681084e+00,1.650874283756924576e+00,1.650912220892156057e+00,2.297949869859178222e-05
6.696696696696696094e+00,1.647027755693423412e+00,1.647065383359270996e+00,2.284527756320173071e-05
6.711711711711711104e+00,1.643308745859637154e+00,1.643346129164027003e+00,2.274828395942707094e-05
6.726726726726726113e+00,1.639723575866653738e+00,1.639760779190681417e+00,2.268826312947993615e-05
6.741741741741741123e+00,1.636278719532893389e+00,1.636315802731765023e+00,2.266261733201240761e-05
6.756756756756756133e+00,1.683745571693561649e+00,1.683749420876738068e+00,2.286078396638378238e-06
6.771771771771771142e+00,1.871685025554320037e+00,1.871573986132716749e+00,5.932943203208920188e-05
6.786786786786786152e+00,2.076586214543582276e+00,2.076608946035228609e+00,1.094644790475981402e-05
6.801801801801801162e+00,2.290260775997851272e+00,2.290280821385401122e+00,8.752371046675442334e-06
6.816816816816816171e+00,2.507972170023780478e+00,2.507980707444152024e+00,3.404101294003333476e-06
6.831831831831831181e+00,2.726454612441208791e+00,2.726450744102578039e+00,1.418818454402634463e-06
6.846846846846846191e+00,2.943088834240120466e+00,2.943071500917928685e+00,5.889534857163798199e-06
6.861861861861861200e+00,3.155623131199317921e+00,3.155597432277614356e+00,8.143916407301847793e-06
6.876876876876876210e+00,3.362034649924973362e+00,3.361977226830966892e+00,1.708015555494935610e-05
6.891891891891891220e+00,3.560435474735504258e+00,3.560380916648310468e+00,1.532366577370329375e-05
6.906906906906906229e+00,3.749038966420280339e+00,3.748932108450044431e+00,2.850357572361763892e-05
6.921921921921921239e+00,3.926107268870426825e+00,3.925995948658633328e+00,2.835464255421136305e-05
6.936936936936936249e+00,4.089925175920164691e+00,4.089864943983559264e+00,1.472712117157581959e-05
6.951951951951951258e+00,4.238773659957847606e+00,4.238754433545268263e+00,4.535863749781330038e-06
6.966966966966966268e+00,4.370903673821746160e+00,4.370875935012964675e+00,6.346281430521391442e-06
6.981981981981981278e+00,4.484507027050929295e+00,4.484436688723595132e+00,1.568498614575898620e-05
6.996996996996996288e+00,4.577680267042681272e+00,4.577652328794382441e+00,6.103182656116912617e-06
7.012012012012011297e+00,4.648375370637090498e+00,4.648288237067767170e+00,1.874530254567287888e-05
7.027027027027026307e+00,4.694326231733400689e+00,4.694250549007306539e+00,1.612243004586860819e-05
7.042042042042041317e+00,4.712929291497229833e+00,4.712892817078247809e+00,7.739284638481673892e-06
7.057057057057056326e+00,4.701029539138883884e+00,4.700949268066674236e+00,1.707550276173482352e-05
7.072072072072071336e+00,4.654485789537684326e+00,4.654441181073164735e+00,9.584064506172515260e-06
7.087087087087086346e+00,4.567108608292792304e+00,4.567105648268721119e+00,6.481181516586677212e-07
7.102102102102101355e+00,4.427045847557783631e+00,4.427129415056799466e+00,1.887622682355291113e-05
7.117117117117116365e+00,4.179198871973002660e+00,4.179516722456871669e+00,7.604957821108196327e-05
7.132132132132131375e+00,3.985856581339033422e+00,3.986084306440525804e+00,5.713002635805635256e-05
7.147147147147146384e+00,3.859635707047799791e+00,3.859817733424710351e+00,4.715931929486553807e-05
7.162162162162161394e+00,3.762324927294951937e+00,3.762495543727169878e+00,4.534661376606598877e-05
7.177177177177176404e+00,3.683246892579166154e+00,3.683404644626854019e+00,4.282778106336608570e-05
7.192192192192191413e+00,3.617201386611571312e+00,3.617345696037652214e+00,3.989373375040565549e-05
7.207207207207206423e+00,3.561124974750294214e+00,3.561282754768682501e+00,4.430426597748077087e-05
7.222222222222221433e+00,3.513054493095934205e+00,3.513188502561128690e+00,3.814468398060368796e-05
7.237237237237236442e+00,3.471622712729971472e+00,3.471738916307298695e+00,3.347128920939206292e-05
7.252252252252251452e+00,3.435840253038914938e+00,3.435977056073084235e+00,3.981488582046786921e-05
7.267267267267266462e+00,3.404967685510589259e+00,3.405088962549299048e+00,3.561640827703704869e-05
7.282282282282281471e+00,3.378439052400481479e+00,3.378548063137063462e+00,3.226555743616193073e-05
7.297297297297296481e+00,3.355813460332348175e+00,3.355912745343812897e+00,2.958509919618033154e-05
7.312312312312311491e+00,3.336743059775284959e+00,3.336864946425461387e+00,3.652729497098659205e-05
7.327327327327326500e+00,3.320951098036869720e+00,3.321064831578988130e+00,3.424610716326674894e-05
7.342342342342341510e+00,3.308216451088838994e+00,3.308323980846161305e+00,3.250278931110261782e-05
7.357357357357356520e+00,3.298362465015028278e+00,3.298465072879922300e+00,3.110776152752593336e-05
7.372372372372371530e+00,3.291248749371673998e+00,3.291347399909210658e+00,2.997269067962286647e-05
7.387387387387386539e+00,3.286765070451989068e+00,3.286861508540039889e+00,2.934047808228366840e-05
7.402402402402401549e+00,3.284826750272442641e+00,3.284921684132915853e+00,2.889988547726080208e-05
7.417417417417416559e+00,3.285371190579647660e+00,3.285465559773686817e+00,2.872323338116413506e-05
7.432432432432431568e+00,3.288355235594792259e+00,3.288449879594711245e+00,2.878073359313319232e-05
7.447447447447446578e+00,3.293753215377833943e+00,3.293849008078252538e+00,2.908229860678534229e-05
7.462462462462461588e+00,3.301555490898658629e+00,3.301652763454926642e+00,2.946177664250342249e-05
7.477477477477476597e+00,3.311767453925823279e+00,3.311867442052740973e+00,3.019086019207334678e-05
7.492492492492491607e+00,3.324408870970332330e+00,3.324512765092988875e+00,3.125093209068753857e-05
7.507507507507506617e+00,3.339513573878831298e+00,3.339622283391876056e+00,3.255143960003389935e-05
7.522522522522521626e+00,3.357129421063036023e+00,3.357243913037033067e+00,3.410296569529623032e-05
7.537537537537536636e+00,3.377318563739654333e+00,3.377439947833733136e+00,3.593967500640755599e-05
7.552552552552551646e+00,3.400157993841810722e+00,3.400287506329257248e+00,3.808868726701867765e-05
7.567567567567566655e+00,3.425740383211669737e+00,3.425844829884110876e+00,3.048785850720267326e-05
7.582582582582581665e+00,3.454175276275417872e+00,3.454288028222577633e+00,3.264115390452216426e-05
7.597597597597596675e+00,3.485590652433684600e+00,3.485713040314837308e+00,3.511128992467308529e-05
7.612612612612611684e+00,3.520134937633162320e+00,3.520268811913329188e+00,3.802956175216201732e-05
7.627627627627626694e+00,3.557979577855178377e+00,3.558126517452601334e+00,4.129690068698195287e-05
7.642642642642641704e+00,3.599322298712254842e+00,3.599443302298696246e+00,3.361730586619544257e-05
7.657657657657656713e+00,3.644391251534561338e+00,3.644525007845800246e+00,3.670061556745054615e-05
7.672672672672671723e+00,3.693450320818271404e+00,3.693598865400688602e+00,4.021676089644452088e-05
7.687687687687686733e+00,3.746806007700385077e+00,3.746970585832581691e+00,4.392298482910130957e-05
7.702702702702701743e+00,3.804803766158679323e+00,3.804955595253347589e+00,3.990298726683461458e-05
7.717717717717716752e+00,3.867889779162065444e+00,3.868061074252645781e+00,4.428448447221918979e-05
7.732732732732731762e+00,3.936557190228195946e+00,3.936712306309026577e+00,3.940244263774104230e-05
7.747747747747746772e+00,4.011412124944065738e+00,4.011586716565045840e+00,4.352183644919382249e-05
7.762762762762761781e+00,4.093214417056622700e+00,4.093357029595003915e+00,3.483999498458725108e-05
7.777777777777776791e+00,4.182863452605436905e+00,4.183033957376346201e+00,4.076102958921218891e-05
7.792792792792791801e+00,4.281593795746614362e+00,4.281759577476943690e+00,3.871813149000219299e-05
7.807807807807806810e+00,4.391050575182087634e+00,4.391253581168818698e+00,4.622962053515251927e-05
7.822822822822823596e+00,4.513609603105940948e+00,4.513818682374121316e+00,4.631981984495638354e-05
7.837837837837838606e+00,4.653072021430149974e+00,4.653312039220287133e+00,5.157999036260133702e-05
7.852852852852853616e+00,4.816825721120258308e+00,4.817113598046313783e+00,5.976129069744786309e-05
7.867867867867868625e+00,5.030977201690134848e+00,5.031342399853100389e+00,7.258463724834223775e-05
7.882882882882883635e+00,5.279465482680794075e+00,5.279727044547898096e+00,4.954079347229179450e-05
7.897897897897898645e+00,5.473456871149804392e+00,5.473471877480208470e+00,2.741647484445547398e-06
7.912912912912913654e+00,5.648714958520189455e+00,5.648395072008947082e+00,5.663316874338256661e-05
7.927927927927928664e+00,5.813500951842018871e+00,5.813232987215569914e+00,4.609562820521111550e-05
7.942942942942943674e+00,5.975021889447374335e+00,5.973543858270587315e+00,2.474295346037566276e-04
7.957957957957958683e+00,6.134807487687520933e+00,6.134775199766507647e+00,5.263097662407298170e-06
7.972972972972973693e+00,6.303068888857967345e+00,6.302992080399649311e+00,1.218603122743632168e-05
7.987987987987988703e+00,6.487363728882625580e+00,6.487298887963452110e+00,9.995056539444480777e-06
8.003003003003003712e+00,6.705709274793680841e+00,6.705720105331181458e+00,1.615119231118266541e-06
8.018018018018018722e+00,7.041652143114834672e+00,7.041583370846667300e+00,9.766591481697228103e-06
8.033033033033033732e+00,7.319115314970852992e+00,7.319058940429473026e+00,7.702430304060179113e-06
8.048048048048048742e+00,7.511248816442392062e+00,7.511056544288451597e+00,2.559854965899200532e-05
8.063063063063063751e+00,7.649382208627268476e+00,7.647659095633958515e+00,2.253124742829717021e-04
8.078078078078078761e+00,7.744416968261759848e+00,7.744217171413083634e+00,2.579948938076563232e-05
8.093093093093093771e+00,7.802677588727634728e+00,7.802556732201783696e+00,1.548934919655851005e-05
8.108108108108108780e+00,7.828620314289319815e+00,7.828464112679681897e+00,1.995303387607283877e-05
8.123123123123123790e+00,7.825731033311046581e+00,7.825586374924182742e+00,1.848530959001011201e-05
8.138138138138138800e+00,7.796918821257008858e+00,7.796817029340189720e+00,1.305557337514595444e-05
8.153153153153153809e+00,7.744716505303017584e+00,7.744576868526980462e+00,1.803026535956907760e-05
8.168168168168168819e+00,7.671394530625934571e+00,7.671244242781592781e+00,1.959106496748635955e-05
8.183183183183183829e+00,7.579031075389981886e+00,7.578937275104966176e+00,1.237644297754283222e-05
8.198198198198198838e+00,7.469557600428910149e+00,7.469466274050609478e+00,1.222662703732189930e-05
8.213213213213213848e+00,7.344790067731940653e+00,7.344766248106438411e+00,3.243074687146449982e-06
8.228228228228228858e+00,7.206642211606088644e+00,7.206416490541098341e+00,3.132223419040197079e-05
8.243243243243243867e+00,7.056527492923210687e+00,7.056175734902429220e+00,4.985108563007344714e-05
8.258258258258258877e+00,6.895560753912967300e+00,6.895485613354546572e+00,1.089706550546668969e-05
8.273273273273273887e+00,6.726118020539707310e+00,6.725949071243528365e+00,2.511902697885100532e-05
8.288288288288288896e+00,6.549313510138436989e+00,6.549180379599778057e+00,2.032781675606677141e-05
8.303303303303303906e+00,6.366584718615364125e+00,6.366420651599221436e+00,2.577068420722014938e-05
8.318318318318318916e+00,6.179319054624191843e+00,6.179159350915290894e+00,2.584553979455033707e-05
8.333333333333333925e+00,5.988870280084126030e+00,5.988751404576716730e+00,1.984979829325569017e-05
8.348348348348348935e+00,5.796556584808445933e+00,5.796427305273819997e+00,2.230331337172349477e-05
8.363363363363363945e+00,5.603663077404786641e+00,5.603452948833814951e+00,3.749983677750380883e-05
8.378378378378378954e+00,5.411440125161025350e+00,5.411298289676631512e+00,2.621098982187382257e-05
8.393393393393393964e+00,5.221102151185565532e+00,5.220959543286798343e+00,2.731449987015439348e-05
8.408408408408408974e+00,5.033804476903964265e+00,5.033643111857181829e+00,3.205730783780168540e-05
8.423423423423423984e+00,4.850708569428303640e+00,4.850505745972896854e+00,4.181490880104191810e-05
8.438438438438438993e+00,4.672819901539595477e+00,4.672652952013717886e+00,3.572906603424137821e-05
8.453453453453454003e+00,4.501164254888624150e+00,4.501094235482645978e+00,1.555608532391994156e-05
8.468468468468469013e+00,4.336585295075462199e+00,4.336509449839860864e+00,1.748992743556361374e-05
8.483483483483484022e+00,4.179834176233625520e+00,4.179767053467887905e+00,1.605897287551570063e-05
8.498498498498499032e+00,4.031469596394876120e+00,4.031399727773260722e+00,1.733110739033328363e-05
8.513513513513514042e+00,3.891864971905376613e+00,3.891856276887292410e+00,2.234157036024487442e-06
8.528528528528529051e+00,3.761210038514938958e+00,3.761247962679044488e+00,1.008286730410536628e-05
8.543543543543544061e+00,3.639478390637703509e+00,3.639479744515764281e+00,3.719976908272662496e-07
8.558558558558559071e+00,3.526424304711640811e+00,3.526451159256042800e+00,7.615175480738516535e-06
8.573573573573574080e+00,3.421666829169818236e+00,3.421702163941914510e+00,1.032666503491553140e-05
8.588588588588589090e+00,3.325521690873828096e+00,3.324737339331969022e+00,2.359138367353470008e-04
8.603603603603604100e+00,3.235003518184973448e+00,3.234981540334395334e+00,6.793810197705944898e-06
8.618618618618619109e+00,3.151798191947219774e+00,3.151834230801396686e+00,1.143424797685140714e-05
8.633633633633634119e+00,3.074672727123036520e+00,3.074706596429141126e+00,1.101545953813624462e-05
8.648648648648649129e+00,3.002988069086196976e+00,3.003022843321349722e+00,1.157974380051182890e-05
8.663663663663664138e+00,2.936220377642174473e+00,2.936237975551831525e+00,5.993352651787324276e-06
8.678678678678679148e+00,2.873891248721878178e+00,2.873908502890959671e+00,6.003729438197699250e-06
8.693693693693694158e+00,2.815571006876214089e+00,2.815616789802200870e+00,1.626035409101170664e-05
8.708708708708709167e+00,2.760877234208528819e+00,2.760915216759758373e+00,1.375723202182597929e-05
8.723723723723724177e+00,2.709471178558394477e+00,2.709522889241544163e+00,1.908479288180549500e-05
8.738738738738739187e+00,2.661053419701894462e+00,2.661096635570250335e+00,1.623987185516536223e-05
8.753753753753754197e+00,2.615359399367747084e+00,2.615407082470142974e+00,1.823161782939557990e-05
8.768768768768769206e+00,2.572155135105140822e+00,2.572193652320048596e+00,1.497446153520846102e-05
8.783783783783784216e+00,2.531233313721877654e+00,2.531264583457345285e+00,1.235340456781554313e-05
8.798798798798799226e+00,2.492409797438487118e+00,2.492435620294691123e+00,1.036049075600681701e-05
8.813813813813814235e+00,2.455520573656927219e+00,2.455541140457331295e+00,8.375669242603500956e-06
8.828828828828829245e+00,2.420419104898805962e+00,2.420434653948111414e+00,6.424073163920886799e-06
8.843843843843844255e+00,2.386974054759857466e+00,2.386985178250097039e+00,4.660058361873692155e-06
8.858858858858859264e+00,2.355067330213048482e+00,2.355081224445819466e+00,5.899683045646520595e-06
8.873873873873874274e+00,2.324592412883205839e+00,2.324602590061215501e+00,4.378029196549533672e-06
8.888888888888889284e+00,2.295452926549328421e+00,2.295479539756799081e+00,1.159374632172937441e-05
8.903903903903904293e+00,2.267561407022398612e+00,2.267581157205164732e+00,8.709801941758537670e-06
8.918918918918919303e+00,2.240838254882922875e+00,2.240852785805648395e+00,6.484550354027577528e-06
8.933933933933934313e+00,2.215210823260657325e+00,2.215220749592758498e+00,4.480967462496983751e-06
8.948948948948949322e+00,2.190612639921458271e+00,2.190631243016809560e+00,8.492116329752170996e-06
8.963963963963964332e+00,2.166982734946138578e+00,2.166976847207078283e+00,2.717029057271013530e-06
8.978978978978979342e+00,2.144265046635478011e+00,2.144239068293321004e+00,1.211541312773678986e-05
8.993993993993994351e+00,2.122407914589019562e+00,2.122365035715803483e+00,2.020334508649561638e-05
9.009009009009009361e+00,2.101363637544175322e+00,2.101306856017477021e+00,2.702200610810245746e-05
9.024024024024024371e+00,2.081088076754839644e+00,2.081019956368276080e+00,3.273413421870548777e-05
9.039039039039039380e+00,2.061540318160095087e+00,2.061464949154083737e+00,3.656089619291239066e-05
9.054054054054054390e+00,2.042682364775327830e+00,2.042599647739725466e+00,4.049596096518292740e-05
9.069069069069069400e+00,2.024478874374372239e+00,2.024390403011050665e+00,4.370271820592648961e-05
9.084084084084084409e+00,2.006896918743651170e+00,2.006804050098790704e+00,4.627688730042915768e-05
9.099099099099099419e+00,1.989905772266308048e+00,1.989808520367187805e+00,4.887500386333496063e-05
9.114114114114114429e+00,1.973476727731752645e+00,1.973377272037085461e+00,5.039872308071972456e-05
9.129129129129129439e+00,1.957582921267125409e+00,1.957482087640042945e+00,5.151190282616061484e-05
9.144144144144144448e+00,1.942199186840367409e+00,1.942097671754463128e+00,5.227084475755171050e-05
9.159159159159159458e+00,1.927301918070361442e+00,1.927200306951223796e+00,5.272473171114815257e-05
9.174174174174174468e+00,1.912868945876857074e+00,1.912769235498386955e+00,5.212880708222959991e-05
9.189189189189189477e+00,1.898879427074110504e+00,1.898779354192913438e+00,5.270379677137520294e-05
9.204204204204204487e+00,1.885307416088653154e+00,1.885214822267668788e+00,4.911579300707354074e-05
9.219219219219219497e+00,1.872148103282690546e+00,1.872055923835654889e+00,4.923968662580861301e-05
9.234234234234234506e+00,1.859376582297425529e+00,1.859286179382534820e+00,4.862237771311289219e-05
9.249249249249249516e+00,1.846976423913656129e+00,1.846887243002999224e+00,4.828714421780238024e-05
9.264264264264264526e+00,1.834932102578245905e+00,1.834844185573460296e+00,4.791524287286104162e-05
9.279279279279279535e+00,1.823228938762987639e+00,1.823142007604013459e+00,4.768205581990019054e-05
9.294294294294294545e+00,1.811853038025856844e+00,1.811767761357119477e+00,4.706821180739472708e-05
9.309309309309309555e+00,1.800791240581886665e+00,1.800707743808911410e+00,4.636886427702071326e-05
9.324324324324324564e+00,1.790031072019928615e+00,1.789949643079341124e+00,4.549230806706100792e-05
9.339339339339339574e+00,1.779560699484074693e+00,1.779481216603874483e+00,4.466632154280478125e-05
9.354354354354354584e+00,1.769368890543960848e+00,1.769291404824191893e+00,4.379477544381921080e-05
9.369369369369369593e+00,1.759444975643068121e+00,1.759369520338044390e+00,4.288769593395741210e-05
9.384384384384384603e+00,1.749778813120911103e+00,1.749705406318857071e+00,4.195380650304461503e-05
9.399399399399399613e+00,1.740360756421729382e+00,1.740289403837284921e+00,4.100041308481884041e-05
9.414414414414414622e+00,1.731181624647633699e+00,1.731112321615448035e+00,4.003381601546861723e-05
9.429429429429429632e+00,1.722232675058796625e+00,1.722165829161983241e+00,3.881501750961521114e-05
9.444444444444444642e+00,1.713505577412083314e+00,1.713440738083317427e+00,3.784159400716533353e-05
9.459459459459459651e+00,1.704992388640030221e+00,1.704929529249935127e+00,3.686920134625614419e-05
9.474474474474474661e+00,1.696685532159524001e+00,1.696624377464865274e+00,3.604492277194901059e-05
9.489489489489489671e+00,1.688577776743834358e+00,1.688518538267901992e+00,3.508310663449005910e-05
9.504504504504504681e+00,1.680662216312799551e+00,1.680604855438342593e+00,3.413108933449824988e-05
9.519519519519519690e+00,1.672932253144343573e+00,1.672876728616683684e+00,3.319104552658997255e-05
9.534534534534534700e+00,1.665381580427778507e+00,1.665327848977068426e+00,3.226478842774793546e-05
9.549549549549549710e+00,1.658004166048577810e+00,1.657952183391754986e+00,3.135353199178568940e-05
9.564564564564564719e+00,1.650794239212084458e+00,1.650744316988156157e+00,3.024225097402443642e-05
9.579579579579579729e+00,1.643746274671573193e+00,1.643698003816701281e+00,2.936722850537414311e-05
9.594594594594594739e+00,1.636854982330203656e+00,1.636808316337591940e+00,2.851035893813937984e-05
9.609609609609609748e+00,1.630115292248190517e+00,1.630070185326172316e+00,2.767176678909394742e-05
9.624624624624624758e+00,1.623522345849618187e+00,1.623478752055901975e+00,2.685208763034751408e-05
9.639639639639639768e+00,1.617071483751764127e+00,1.617029357590509253e+00,2.605157479493448020e-05
9.654654654654654777e+00,1.610758236031815116e+00,1.610717532724716072e+00,2.527029492886273136e-05
9.669669669669669787e+00,1.604578313198412154e+00,1.604538988528941612e+00,2.450839135208243390e-05
9.684684684684684797e+00,1.598527597186655491e+00,1.598489607454228523e+00,2.376601777691336333e-05
9.699699699699699806e+00,1.592602131948809507e+00,1.592565434959943627e+00,2.304268826907184635e-05
9.714714714714714816e+00,1.586798117845407807e+00,1.586762671627767629e+00,2.233870147941908232e-05
9.729729729729729826e+00,1.581111901798798902e+00,1.581077665729464510e+00,2.165362908886378317e-05
9.744744744744744835e+00,1.575539971699093877e+00,1.575506906216642022e+00,2.098720248155378209e-05
9.759759759759759845e+00,1.570078949477101249e+00,1.570046901098366199e+00,2.041237030093165223e-05
9.774774774774774855e+00,1.564725585455954526e+00,1.564694636544433637e+00,1.977952170222738287e-05
9.789789789789789864e+00,1.559476750814232204e+00,1.559446864774491015e+00,1.916451301821756937e-05
9.804804804804804874e+00,1.554329433392007687e+00,1.554300574904213583e+00,1.856686426039688958e-05
9.819819819819819884e+00,1.549280732935194083e+00,1.549252867118825927e+00,1.798661597443296641e-05
9.834834834834834894e+00,1.544327854281590362e+00,1.544300947681998215e+00,1.742315811729172991e-05
9.849849849849849903e+00,1.539468104022710504e+00,1.539442124210815832e+00,1.687612121695726409e-05
9.864864864864864913e+00,1.534698885697533211e+00,1.534673801199746501e+00,1.634516583726081443e-05
9.879879879879879923e+00,1.530017695110420517e+00,1.529993475779042322e+00,1.582969585269809832e-05
9.894894894894894932e+00,1.525422117616954676e+00,1.525398733693025255e+00,1.532971243053800689e-05
9.909909909909909942e+00,1.520909822020192204e+00,1.520887245485078143e+00,1.484431878897103463e-05
9.924924924924924952e+00,1.516478559531384107e+00,1.516456762876103426e+00,1.437341031691665656e-05
9.939939939939939961e+00,1.512126158895179984e+00,1.512105115327079252e+00,1.391673626881396811e-05
9.954954954954954971e+00,1.507850522702875784e+00,1.507830206772467596e+00,1.347361945458995305e-05
9.969969969969969981e+00,1.503649625499722919e+00,1.503630012517366499e+00,1.304375557360996202e-05
9.984984984984984990e+00,1.499521510010619396e+00,1.499502576285983269e+00,1.262667029424070790e-05
1.000000000000000000e+01,1.495464285004398874e+00,1.495446007415290435e+00,1.222216584069821034e-05
